Project_Name,Project_URL,Project_Hash,Num_Runs
3DNIRmapper,https://github.com/fechbmaster/3DNIRmapper,f061c1b8db3fd36a9c344608287cdcb8b2968633,160.0
ATOM,https://github.com/tvdboom/ATOM,8d536a54f92d446f849c964401284bce51c99d5a,141.0
BT-Tracker,https://github.com/nordwind80/BT-Tracker,558c15b399871c1ca11d0c4ae1eb598e3060931e,180.0
BeautifulSauce,https://github.com/nateraw/BeautifulSauce,f587e638abea1716427713d8a814e30331efb18b,180.0
Breathe,https://github.com/mrob95/Breathe,4600818e24f4156cd7bb8cc0f43886b27323968e,200.0
Butter.MAS.PythonAPI,https://github.com/bennymeg/Butter.MAS.PythonAPI,f86ebe75df3826f62a268645cdbe4400b43fab07,160.0
CHESS,https://github.com/nishaq503/CHESS,6f84e7e98d328150170141621cc095dfa80ef67e,180.0
CMasher,https://github.com/1313e/CMasher,fccda3b76ac93e089f34be572b984b7718076756,200.0
ChainConsumer,https://github.com/samreay/ChainConsumer,3206a98f5e121ff3e17c30c840710bd7fda59fca,180.0
Cmaker,https://github.com/ychnlgy/Cmaker,dc70f0edba931f3b8823e5b2946b68348c768d85,152.0
CmdKit,https://github.com/glentner/CmdKit,b8d4572612667080807b2b26d47c624a330c2872,176.0
Coinsta,https://github.com/PyDataBlog/Coinsta,7cdce24669e5ab40852f0b88329c68e5bb568f5b,80.0
ColonyScanalyser,https://github.com/Erik-White/ColonyScanalyser,38034b7d62a7c4f72a9f6981d0218c23f22cc7c8,60.0
ConfigMaster,https://github.com/SunDwarf/ConfigMaster,8018aa415da55c84edaa8a49664f674758a14edd,180.0
DESlib,https://github.com/Menelau/DESlib,77d0ccb491c522e7505d9ac6081b72cac001cb9e,180.0
DotDot,https://github.com/Gsllchb/DotDot,89a6f7a86866de9c348f7e91da57c359c94568db,200.0
EVEPrest,https://github.com/Celeo/Prest,7c94bf0b7dabecad0bd8b66229b2906dabdb8e79,180.0
EZconfig,https://github.com/shalev67/EZconfig,2cedba67fbfe0ca448ccf7134b51e4e9329a6d16,160.0
EasyJWT,https://github.com/BMeu/EasyJWT,49e888f5441b72c88ddf659c32b4f3096063f0e5,180.0
FirebaseData,https://github.com/heston/firebase-live-data,dd73615ccfae11e95830f49df8d3a90546d671f5,200.0
Flask-Googletrans,https://github.com/mrf345/flask_googletrans/,e7ec3057bdbe57bb30928edc41fdeb0d19a0984d,200.0
Flask-InterfacePubSub,https://github.com/rafaelportugal/Flask-InterfacePubSub,60904ceafed88e25c1504aa0300d37780c09c50b,180.0
Flask-JWT-Router,https://github.com/joegasewicz/Flask-JWT-Router,0fb1e256c81409be6f08d8be12f07e5f58b4f914,200.0
Flask-Multi-Redis,https://github.com/max-k/flask-multi-redis,fa781d3598448a6429309a686de9a8adb53f9f34,180.0
Flaskerizer,https://github.com/brettvanderwerff/Flaskerizer,5a9724804f4e479fc3289e8644dc788adfeff06d,200.0
GC-analysis,https://github.com/tonyyzy/GC_analysis,a8c7be317d24703272d8fa3fb76a97b4d8d7b38f,200.0
GDAX-Python,https://github.com/danpaquin/GDAX-Python,19cac25c51e592994cfa86ec487eef6a5c76718f,140.0
GOApy,https://github.com/leopepe/GOApy,a8e0dfe5f0f593107884ad54f89a27f67ee28129,180.0
GetOldTweets3,https://github.com/Mottl/GetOldTweets3,54a8e73d56953c7f664e073e121fa1413de4fbff,200.0
GoogleFreeTrans,https://github.com/ziliwang/GoogleFreeTrans,b1f067107b95005778ea8c019a7a903e77e25859,140.0
GraphRole,https://github.com/dkaslovsky/GraphRole,6a2591ee3075f9d4ea5cd0b05dc38a8231b9c828,180.0
HikLoad,https://github.com/Tedyst/HikLoad,b3eb7be65bd34040992e1b7b15f23ff4ce2e8dc4,200.0
IOCynergy,https://github.com/omersaraf/IOCynergy,1821423680f741d8ca06bcc6a02c8b21156f9ba0,160.0
Intervallum,https://github.com/wol4aravio/Intervallum,e314ee624f09b09913475b02470103095fc076ff,200.0
JavPy,https://github.com/TheodoreKrypton/JavPy,61df53aafbfbd05ed1efa8c51a08d6e9252cb533,200.0
LabIFSC,https://github.com/gjvnq/LabIFSC,cb56b75f51eb54680d0b81f4c87aa0234538a2a8,160.0
Lyricfetch,https://github.com/ocaballeror/Lyricfetch,0cf9e3c541712933b1050e942671a92028e11f9c,180.0
MusicAPI,https://github.com/kushao1267/MusicAPI,c6340d5dd6df869a90a44a311d3cd7a383bd4cf4,180.0
NestedDictionary,https://github.com/cahoy/NestedDictionary,881f0ea8af36a60fcd1b9d7a84b1aec4cd7072b2,200.0
Neuraxle,https://github.com/Neuraxio/Neuraxle,20c6e5713198345b43bf6899355f1b5cf65eb02c,200.0
NeuroKit.py,https://github.com/neuropsychology/NeuroKit.py,fc77dc94e421d5b166a5516b7186bae483d753bd,180.0
OccamTools,https://github.com/mortele/OccamTools,26c47709f6b870c89403f03ade0950de9f301639,160.0
OnToma,https://github.com/opentargets/OnToma,0a76f30c03eb44a62223a5c83f13e2f8d9ba67a4,160.0
PBjam,https://github.com/grd349/PBjam,f387d840685831955c79dec83c792ab0d297aadc,160.0
Penman,https://github.com/goodmami/penman,e83cf6d006724d72a3e19a955aad94412da912b7,200.0
Predictive-Hyperparameter-Optimisation,https://github.com/DobromirM/Predictive-Hyperparameter-Optimisation,b34bfae356a75f12e4dc8a6615568fdbd28943cb,180.0
Py-MI-PS,https://github.com/AshtonUPS/Py-MI-PS,2d22327c75bac1b58a4804a61e7a703ecc5ba978,180.0
PyGraph,https://github.com/Rickecr/PyGraph,e81c3a0f543f5bfcda1a603c6dcecde13d582c57,200.0
PyInvestor,https://github.com/SamurAi-sarl/PyInvestor,09259ad387dab597a7a525ae73090dffb886968f,180.0
PyJsonFriendly,https://github.com/maboualidev/PyJsonFriendly,8b1ee498bc7a27024851b5101bf09913031e2477,180.0
PyKMIP,https://github.com/OpenKMIP/PyKMIP,fe60ecf02d4f29ab1c9748aaab5d3d3b0e00b5af,120.0
PyPOM,https://github.com/mozilla/PyPOM,9cb84df9d27b428b4e7423d1bbe6502e92990154,180.0
PyRedisEasyIO,https://github.com/washad/PyRedisEasyIO,30d566760aa622ae6e8fcc1fa4abdc79b6bda614,160.0
PySyncDroid,https://github.com/DusanMadar/PySyncDroid,9a217a54f4286af8e7505c184eb2a6775f52d815,200.0
PySyncObj,https://github.com/bakwc/PySyncObj,792b6112cfa234716f5e0408194114f1abc8b1ad,140.0
PyXenaValkyrie,https://github.com/xenadevel/PyXenaValkyrie,92b45f1f37a5589cbdb9224a287fa0426d2c8d47,180.0
Python-Beautifurl,https://github.com/hintofbasil/Python-Beautifurl,312db910400b24d24cb03966a221da2462c4f824,200.0
QTAF,https://github.com/Tencent/QTAF,c9141e8fbdfd89f5f13dd59dfab17f9e8193dcf8,180.0
Rainy,https://github.com/kngwyu/Rainy,28a7ea53e577a9c209414b4fff3a22c6d8b530d0,200.0
RanCat,https://github.com/mattjegan/rancat,b59f5abf7e187816034be9169ecd53af87ce017d,200.0
RandomFileTree,https://github.com/klieret/RandomFileTree,aaaa975ae61afa6f0f5b481ebafcfa0f0216e471,200.0
RaspberryPiMovementDetector,https://github.com/KSanthanam/RaspberryPiMovementDetector,a415e5aca22fa41ce0eba0b61cf56d3035f92f64,200.0
ReactOBus,https://github.com/ivoire/ReactOBus,841d5c0442ffe92fcaec278e07053afe5b93d925,140.0
Reusables,https://github.com/cdgriffith/Reusables,171ea3dc10a37ed46ff833c48926a995496d2fc6,180.0
SCout,https://github.com/holzkohlengrill/SCout,8fd1eca0607b27d6e0c537b2ea1211d23356edff,200.0
SNData,https://github.com/djperrefort/SNData,e4854f0dc357484b437b15f9dac15f7c589eff58,160.0
SSLyze,https://github.com/nabla-c0d3/sslyze,bf1b01048560308654b31bf55ad2d2363285f95f,180.0
SSMToybox,https://github.com/jacobnzw/SSMToybox,b3a8c05fa1b0d85356ac6554009af38ff2720780,160.0
Santaslist,https://github.com/obihann/Santaslist,e678a70b41047defc42261d0b483fb75677c5c10,200.0
SimPyClassic,https://github.com/SimPyClassic/SimPyClassic,b59fb83742e484f2c590ed005ac911868727d59d,200.0
SlideRunner,https://github.com/maubreville/SlideRunner,2a68af8b9cb2238d95cfe3281379de40b5469fc0,200.0
StrangeCase,https://github.com/colinta/StrangeCase,dd2385745dba1211439fc1d0b0dae72b30e4b3b2,180.0
Tale,https://github.com/irmen/Tale,a2a26443465ab6978b32d9253e833471500e7b68,80.0
Twitch-Python,https://github.com/PetterKraabol/Twitch-Python,49ddf2c826f147e009d0931eee59cf81ad5fea7d,180.0
Verifone,https://github.com/vilkasgroup/Verifone,5509c08767a9b482cfe5a9572854cf4c73ad6c02,180.0
WattTime,https://github.com/stoltzmaniac/WattTime,1f2761a752c6cc241c20e854a7a247349b57be36,180.0
WikidataIntegrator,https://github.com/sulab/WikidataIntegrator,2ce3477b47447e335dd5e7413396fecf306c7146,180.0
YAROM,https://github.com/openworm/YAROM,cd4fb6cb8fac72a198858225ce89ad8b9c9175fd,200.0
Yinotify,https://github.com/peter-zyj/Yinotify,3adde3a7f2847bf45f5958e98fe7618d3d02ce16,120.0
abagen,https://github.com/rmarkello/abagen,4af521f6d7e71d4bbebb4960ff2447256e2447eb,76.0
access-modifiers,https://github.com/fniessink/access-modifiers,6fd7880b3b6761051cbe67fd91280075d2f296d2,160.0
accessify,https://github.com/dmytrostriletskyi/accessify,6b7cf8657ffe18cd6a43c6cfb73b071084f0331e,180.0
acl-anthology,https://github.com/icoxfog417/acl-anthology,88b4d006a38301be6690bdf43073cf98be7bdd50,200.0
acme-mgmtserver,https://github.com/mswart/acme-mgmtserver,c3a0d90f80ced8724515e7bbec3764b16581e5b6,200.0
addon-check,https://github.com/xbmc/addon-check,35cde58ed8b22b8df27efe232d9b2b2c25b079d5,160.0
aeneas,https://github.com/readbeyond/aeneas,4d200a050690903b30b3d885b44714fecb23f18a,200.0
aguaclara,https://github.com/AguaClara/aguaclara,9ee3d1d007bc984b73b19520d48954b6d81feecc,200.0
aio-usb-hotplug,https://github.com/ntamas/aio-usb-hotplug,7eed5a87c974038db6c2b8e2a998e9b8b79ec5ac,160.0
aiobfd,https://github.com/netedgeplus/aiobfd,090122474d5bf6266393f0908c13be5812fdb1c3,200.0
aiomediawiki,https://github.com/jucacrispim/aiomediawiki,9e3f624a2465bf5b1394c178b19e34fadfec2793,180.0
aiopylimit,https://github.com/dmarkey/aiopylimit,b4075a8ac30dbbef59a2243f618a35a2f54b590c,180.0
aiotasks,https://github.com/cr0hn/aiotasks,ec485c84db55227c9283319a9c58401e294a06ff,180.0
aioworkers-mongo,https://github.com/aioworkers/aioworkers-mongo,552d7721c244740fb101c25f1ae4e1f6c7d04357,200.0
aioworkers-orm,https://github.com/aioworkers/aioworkers-orm,a470eaf2298e30b6c8e1e91034e50c064f07a3de,200.0
aioworkers-prometheus,https://github.com/aioworkers/aioworkers-prometheus,91915e094239ae01b3db432dbff5afd34ab36984,160.0
aioworkers-tg,https://github.com/aioworkers/aioworkers-tg,eccd0704c6b98956aa4a9f0dc89b1300138d113e,200.0
airflow_xplenty,https://github.com/apartmentlist/airflow_xplenty,445c21782b985bfdbfffa4608a1dc90411af8aed,160.0
alegra,https://github.com/okchaty/alegra,6c423b23a24650c9121da5f165f6f03669b98468,200.0
alertlogicAPI,https://github.com/Fabio-CS/alertlogicAPI,8c5176ea611479aeb5475d6fd98f2a3688a7a631,200.0
alfacoins-api-python,https://github.com/alfacoins/alfacoins-api-python,e0ae740812693bb42a729aa809358233130987a1,180.0
alphanum-code,https://github.com/ylaizet/alphanum_code,fb5cd313dc41f046aac01ff01d6e1561d17894a6,180.0
amazonscraper,https://github.com/tducret/amazon-scraper-python,ba10859c0c385c3d4b76429132eb307f4172df0e,180.0
amphipathic,https://github.com/ecolell/amphipathic,b4d2d49e2fc9224fb7a6dc067c86dc8fa7c3505e,200.0
amplimap,https://github.com/koelling/amplimap,47a65e624e4a7f7ed62b029e6ed65dc78cf34ac7,180.0
analytic_shrinkage,https://github.com/matzhaugen/analytic_shrinkage,752a0f90696b1ca27a8b84ada3616cdfc98004a9,200.0
andriller,https://github.com/den4uk/andriller,5e856ca92ef7e9bf732f28cbd8e341181976654f,20.0
anonapi,https://github.com/sjoerdk/anonapi,5e70dfd9fcb7dcc4e2345a6a153d9530f4886e73,180.0
api-python,https://github.com/datacommonsorg/api-python,6d09ca1557da0af893f008f7302801f12afc2d46,180.0
appnexus-client,https://github.com/numberly/appnexus-client,8d39ff7b9d290e0e1b9d16ea7302c0288f495bef,180.0
apyhgnc,https://github.com/robertopreste/apyhgnc,26efa764a2262cfa12c8a2f0f077569e7f3e4e79,180.0
argutil,https://github.com/cmccandless/argutil,15b4d309fefe7a2d7648dac3974bd22ba7b1030a,200.0
aries-staticagent-python,https://github.com/hyperledger/aries-staticagent-python,62f0e4e435e4e324f76a8fb724d0f733192bc0c3,200.0
arlib,https://github.com/gongliyu/arlib,6918f0146dab459369ec2861fe68d796acff8ea6,20.0
asgi-s3,https://github.com/erm/asgi-s3,ef898f9f013e0e5cd5c52f3503e27a41bca4fa2c,160.0
ashpool,https://github.com/cktc/ashpool,3a35638ecff85da94952cebf7f8684ed564693bc,200.0
astrocyte,https://github.com/dbbs-lab/astrocyte,3fa30fa2897ef1ea4dd94b2c9d6ddd3efb2a2b1a,180.0
astropy-helpers,https://github.com/astropy/astropy-helpers,e490b7636c73bf6e829cd00390018bf549702892,200.0
astwro,https://github.com/majkelx/astwro,0486bc622759ea214a376a9e4035d6d3e350f61b,160.0
asv,https://github.com/airspeed-velocity/asv,a131ca742daf53c4521fbfefeb53507b5c140c84,58.0
async-kinesis-client,https://github.com/whale2/async-kinesis-client,e7df499141854b8b7638a7ab0adce14a4d28201e,180.0
async-vk-api,https://github.com/Suenweek/async-vk-api,d10cdde800e4921e13f6d258d7a9f72bb4eeb37e,160.0
async_blp,https://github.com/rockscie/async_blp,acb8777ccf2499681bde87d76ca780b61219699c,60.0
asyncloop,https://github.com/dgkim5360/asyncloop,e4f50156a74ee6430a8ade66f201ba61066396e4,180.0
atlasclient,https://github.com/jpoullet2000/atlasclient,02b3e7d9a6596d1123fc22b6bfed08d60105d19e,200.0
aud,https://github.com/zdhoward/aud,2dfc81dad3da78537e1b1c6f5cc5630ba5b837f9,180.0
auth0-python,https://github.com/auth0/auth0-python,1571b18535c46502e39e70f988f96624f2dfef21,5.0
authnzerver,https://github.com/waqasbhatti/authnzerver,bc735a1c9e1c084c40854a539a000d69a50ed486,200.0
autoclasswrapper,https://github.com/pierrepo/autoclasswrapper,af43dd833e5586386098d1793a59332e968069da,180.0
autodiscover,https://github.com/nicolaszein/autodiscover,3009f81c51b7a4cb077427e429d740db98eb173b,180.0
autodoc,https://github.com/heavenshell/py-autodoc,001d5ff03d41a5d714075eb08e666c413d50f0ac,200.0
autoyaml,https://github.com/martyni/autoyaml,be3f450667bcca477683e63bcc49c67c5d170855,180.0
avwx-engine,https://github.com/avwx-rest/avwx-engine,ed1d3e9a91fe0431e701caac4fc02ff2bfaecc04,5.0
aws-lambda-decorators,https://github.com/gridsmartercities/aws-lambda-decorators,bbd25a7002b99e57fe7da225b6aad06cb1e43b9c,160.0
awsume,https://github.com/trek10inc/awsume,e1fb812d14fd4f4508ceaf9c51dcdb8d091284c2,200.0
axondeepseg,https://github.com/neuropoly/axondeepseg,7a0e6f130f79086de35c2d996612dae132ebfc3e,180.0
axonius_api_client,https://github.com/Axonius/axonius_api_client,ad0b09496fb218ab9169b1a348cd39967d626100,180.0
b2-sdk-python,https://github.com/Backblaze/b2-sdk-python,1984e90256ff7c4233d25e2485493057f9364dd6,200.0
baas-sdk-python,https://github.com/nec-baas/baas-sdk-python,83b0916af0e4f3167a232ac7eb06b82331adc172,80.0
baconql,https://github.com/lsenta/baconql,c5b3bda63e243bf450e593f3d8fdaa437b4d28f3,180.0
bankroll,https://github.com/bankroll-py/bankroll,f1f147143e0fc8380267bee91da7d6fb4f409ada,180.0
base10,https://github.com/mattdavis90/base10,93577e85215e4cd7f02a504ff6a23501d56a1748,100.0
basic_auth,https://github.com/rorymurdock/basic_auth,622f2133c13988cec549f4ea55bed14e50f90876,180.0
beem,https://github.com/holgern/beem,f3c3bd84daccac1ee4ed45c1ada0f88f29ca3f2f,187.0
benchbuild,https://github.com/PolyJIT/benchbuild,2ab959e84fc9119813c46de1034ffaefc2ee391b,5.0
benchexec,https://github.com/sosy-lab/benchexec,d29aba0c958dd034b172c099df6c4bf394087222,180.0
billots,https://github.com/billychasen/billots,9df622be6f1a5d94bee70ce4832f3b56b746ce69,140.0
bitcash,https://github.com/sporestack/bitcash,80a61111bd50cf37f6a601eecd0424f04b971514,180.0
bitcoin_graph,https://github.com/joeblankenship1/bitcoin_graph,8f5dee94b0cc82a0a0d8a412709a13a38d180167,200.0
bitmex-websocket,https://github.com/joliveros/bitmex-websocket,dcefdaffd226ee30308bfca86aab065dc57817d0,200.0
bleak,https://github.com/virantha/bleak,0226cdef0af2d6bcdf5a84d87c437ed75aaa7726,180.0
blindpie,https://github.com/alessiovierti/blindpie,300ea0b29e17a6c430da5e4f420ecc7cf0d445be,180.0
blinkpy,https://github.com/fronzbot/blinkpy,ed4450778d6802990006dd9fb1b14e2c98520018,5.0
blmath,https://github.com/lace/blmath,2d8482a7a3f39f6491251b6e2c92564a62b68aa0,200.0
blogit,https://github.com/oz123/blogit,15b94969fa43aaf8dc677a8184b144ae8c0f7700,200.0
bloomtime,https://github.com/Poogles/bloomtime,94343456192c0a4837ddad2c421d59c7a3fd02fa,200.0
bloop,https://github.com/numberoverzero/bloop,7ee0b0e20935dd0f396e758e7b0c26c76a316338,200.0
bluebees,https://github.com/matheuswhite/bluebees,ca18ee6dae60393480bac3893038790957727748,200.0
boatd,https://github.com/boatd/boatd,bfd389f980d6c8cfd8e036dc1be1e746e891968b,180.0
bomweather,https://github.com/aguinane/bomweather,cfe945a64900a9207a44c42551ec2c365916b7d2,200.0
boo,https://github.com/ru-corporate/boo,f2faba41ec4a97673a3f1cb29cb80d2b7ca701ec,100.0
bookiesports,https://github.com/pbsa/bookiesports,6c19d1c5871ee2a3ff1719ebb85d027bd5e23d0a,180.0
booking-sites-parser,https://github.com/webmalc/booking-sites-parser,992d6a6f3774eeebfbbd535b5de3baa373137150,180.0
bootstrap_env,https://github.com/jedie/bootstrap_env,ab68025d8f6b9a17d8feeed83e8aae26e3f28769,160.0
botanick,https://github.com/avidot/botanick,793908f8e2ea72a8fe9c5bf47a4482359564a8c0,180.0
bottle-neck.git,https://github.com/agile4you/bottle-neck.git,ebc670a4b178255473d68e9b4122ba04e38f4810,180.0
brian2modelfitting,https://github.com/brian-team/brian2modelfitting,7f01463bf5be47cc82e26f033819c8a82cefac2b,180.0
bruker2nifti,https://github.com/SebastianoF/bruker2nifti,4fbac970e9125f3e53dd5e31d63b971ad739a6d2,200.0
buildozer,https://github.com/kivy/buildozer,4a18fb321e8410c44c9a62bd65671f33df3a470b,180.0
bupper,https://github.com/michaelpb/bupper,d3751472b90132e781dfb32310b5b567658b7f31,200.0
cBinder,https://github.com/Tetrite/cBinder,940e8c78eb9cf2eda1bc69427a6279b8b832bfe1,180.0
cachepot,https://github.com/kitsuyui/cachepot,c2e6a1f6c1eb3f2359b95bd7208d9347f885aff3,200.0
caching-py35,https://github.com/bofm/python-caching,16de50c119f8896e923e3f10488ecf6ffe535f45,180.0
camel,https://github.com/eevee/camel,1f9132ce43f6933bd3e91681404aab817876b3e1,160.0
cantal,https://github.com/tailhook/cantal-py,108c81fd3d4667e124044c44a972cd73668d88ec,200.0
capsicum,https://github.com/m-mizutani/capsicum,a2d10f65691cf3b685557927da1929a405b63272,200.0
carbonize,https://github.com/eillarra/carbonize,efc89b8a9e44f9d64110406ce70929a9671517c7,180.0
cdQA,https://github.com/cdqa-suite/cdQA,40387925db8f0da44a5bd2fe549cde675a92d479,180.0
cellpy,https://github.com/jepegit/cellpy,6fca7ff1dd85bdf7500f1cd4cbc73e8395150748,196.0
cenpy,https://github.com/ljwolf/cenpy,03eefcfd885c48e018cf74abaf46ee03aa7ac119,180.0
centreon-sdk-python,https://github.com/guillaumewatteeux/centreon-sdk-python,9f207d5458afc3304e24f16988069467b19eab81,160.0
centrosome,https://github.com/CellProfiler/centrosome,878a4ef7c3d39dcab893ed27838c9338c5721c5b,200.0
cfgsaver,https://github.com/prahladyeri/cfgsaver,9654076b418c96bcddbf2fddc5fdb0f6f4117278,200.0
cfitall,https://github.com/wryfi/cfitall,690a84fe9fd820b8b77bc2bb1fe621231a2ed3f7,160.0
charpy,https://github.com/sylhare/charpy,82d82f8f3546f2104840a5026ad6c8d5157a91bd,200.0
chazutsu,https://github.com/chakki-works/chazutsu,734828f2f05799a1d59d9280a032bf5996fe3261,180.0
cherry,https://github.com/Windsooon/cherry,bc6ae1f0284d837fb95279098538530312313534,160.0
chuda,https://github.com/Varkal/chuda,bd4d30c0f809d5349752ab2f322f30b01ab6b4a4,200.0
chunkflow,https://github.com/seung-lab/chunkflow,56301bbf49af289739d6d0612772de43e0f9b586,163.0
ci-diff-helper,https://github.com/dhermes/ci-diff-helper,876affd3ba49d78c48708a12103d39ef3c7d5f1d,160.0
citrine-python,https://github.com/CitrineInformatics/citrine-python,8fec512d0261ab7a5a94f5354022519a1dd81146,120.0
cityseer,https://github.com/cityseer/cityseer,2d71d5dc962054f6cd1e87b5a61b43e8f4ddbec0,180.0
clashogram,https://github.com/mehdisadeghi/clashogram,5b8cc18adfc92ad381040ee25b750df462122939,180.0
cli-tools,https://github.com/codemagic-ci-cd/cli-tools,bc545dcce32aeddf3582f88774c753dde1381a3b,160.0
client_python,https://github.com/prometheus/client_python,5b0a476489fc6a26c177683b539142c91005de06,160.0
clinner,https://github.com/PeRDy/clinner,0a9abfb7495f76d4233523ad5fb7ce219741589f,180.0
cloud-validation-framework,https://github.com/prancer-io/cloud-validation-framework,94522590d9881a5125d81da701a65f7f63383c0d,160.0
cloudnetpy,https://github.com/tukiains/cloudnetpy,26f2607b890630146469cfa410fce99438ceee3f,200.0
clu,https://github.com/nir0s/clu,77da967a4577ca4cf100cfe34e87b39ad88bf21c,179.0
codespell,https://github.com/codespell-project/codespell,cc51bbbe505cbc23eae32f52deb2cc7c8b33a0eb,180.0
codespell,https://github.com/codespell-project/codespell/,88c768b084353662c255a58d122f46fbbe3d8de4,180.0
coinbase-commerce-python,https://github.com/coinbase/coinbase-commerce-python,d306fc562309edb909c8ace501c63327a7635975,180.0
colltools,https://github.com/JakubTesarek/colltools,e50f98ccda33ab409fcdba277a39f071824e24c7,180.0
compare-mt,https://github.com/neulab/compare-mt,92502b30b1f228773179a01dd86fe1b8dfd400e5,180.0
compilertools,https://github.com/JGoutin/compilertools,7b898cb6970f5f25c5356b15a2efd0cb2e54d566,100.0
compiletools,https://github.com/Zomojo/compiletools,e45c5ad452b86c1fe557961aa4ebefd3f34f6a58,160.0
compyle,https://github.com/pypr/compyle,f557e49c7e18a49efdb5807ac650ba590db81cb2,200.0
config-better,https://github.com/kade-robertson/config-better,c14638da3fe95a669a04db2602e1f6ea15591c36,200.0
configaro,https://github.com/mojochao/configaro,d7b432fb2f99c4cb3c3208082f0afff62454c83d,180.0
confight,https://github.com/avature/confight,be2d162c99cc3c709289913de137f8d8bfbd35d5,180.0
configparse,https://github.com/jyn514/configparse,d7a4ee5b121de2be1858104723bdb7ac47df64ce,180.0
container-app-conf,https://github.com/markusressel/container-app-conf,02584f7f2ef2615fa7da8bd551aede88afb29919,160.0
coo,https://github.com/wilfredinni/coo,da9e75d46ed65599cd2223b029ac30c08496a80b,160.0
cork,https://github.com/psbleep/cork,e2c5f9d79d102f46e334f608389a10ae864003d3,200.0
cornice.ext.swagger,https://github.com/Cornices/cornice.ext.swagger,17a63e86751c7d8f1b2b75d49056161c80f4cef2,180.0
coworks,https://github.com/gdoumenc/coworks,c574654a1e3d1cd4ad56b6f5912631230c37fdf3,160.0
crfmnes,https://github.com/nmasahiro/crfmnes,5fc9625c86135fb5e8824f867a08cc410d3638bd,200.0
cricket-cli,https://github.com/cbirajdar/cricket-cli,fb0c8752aef14f2e30f7c0e772486a23c7e4a14d,180.0
crom,https://github.com/thegetty/crom,98bb6be4e32b4c81eb7e0b5e841a915b015abaf0,180.0
cronjob,https://github.com/havefun-plus/cronjob,a2fd9289f44696c5c06ece9cec8dc5315300eecf,200.0
cronpi,https://github.com/dakc/cronpi,6edb324c621f691b2840dcd6b54087b1044417ed,180.0
crossplane,https://github.com/caas-one/crossplane,d5b39fcae31cd0c26af5d425fa7cb591d1ee91ee,200.0
cuckoopy,https://github.com/rajathagasthya/cuckoopy,e5fab0c4826387f99ddafb0365759cb7111cfd64,140.0
cutecare-py,https://github.com/cutecare/cutecare-py,291d25c9ac4ab330dd631a753e1b658590d1140c,180.0
cvbase,https://github.com/hellock/cvbase,e48d2f76aaeea6472b2175c37780f7b90ae7f1b6,160.0
cw-sdk-python,https://github.com/cryptowatch/cw-sdk-python,92bd90db16dfc116c0708d19d27208d9bfc990c1,180.0
cycle-calendar-generator,https://github.com/ROldford/cycle_calendar_generator,729194154cc540a1d21fa77a77dba3ff820d56be,200.0
cylleneus,https://github.com/wmshort/cylleneus,93de520e082300b90f9f92a4ce405f3a2123748d,180.0
cytominer-database,https://github.com/cytomining/cytominer-database,3926b55627e76a319460d6ac3ff4bdf65e1f5f98,185.0
dagger,https://github.com/east301/dagger,7435238cd3023103128c74a2e2efdfb7a2b6f95b,180.0
dame,https://github.com/malpunek/dame,d6568d3088dd0a8b87eb5d278e04ab857a622418,180.0
danlp,https://github.com/alexandrainst/danlp,0c7169e4c8b0595205fbb7bdf64ce4f2ca79edcc,80.0
dar,https://github.com/alanbato/dar,15da1a444bb800b3d1e4571e2fd1609190b7dffb,200.0
darkchess,https://github.com/vishalsubbiah/darkchess,c626de547c3e58a77f25fddb86de9b07bc47ae86,180.0
data-genie.git,https://github.com/mkeshav/data-genie.git,cde77b7bdb445557f78d834d72d51bb62ad9e668,200.0
data-partitioner,https://github.com/brahle/data_partitioner,c37bca05576648c3f69f8694951bb2ae9ea9ed21,200.0
data-pypes,https://github.com/isnok/data-pypes,dcfe6feac2b617f9f8624cff81c44f72c0313ee6,180.0
databird,https://github.com/jonas-hagen/databird,cfb358e74da62bb9d7ea0e6c7ac984671472120b,180.0
dataprep,https://github.com/giganticode/dataprep,bb1d3731a39d221f2a037aaadc747a29a5e76c8d,160.0
datapungibea,https://github.com/jjotterson/datapungibea,fe3b262b7e2ceffd12621693c94af9b6cc43e408,160.0
daymetpy,https://github.com/khufkens/daymetpy,539f8d47315f0f68f86875d7805541dadcb76604,180.0
dcard-spider,https://github.com/leVirve/dcard-spider,ac64cbcfe7ef6be7e554cef422b1a8a6bb968d46,180.0
debinterface,https://github.com/nMustaki/debinterface,abd30a55dcbadc30fd66143adc196034b663054f,200.0
dedoop,https://github.com/edsu/dedoop,37b29dade43afb1a52e3424b6a0a98a7018c8283,200.0
deepdiff,https://github.com/seperman/deepdiff,df5f49046b3c39673003968fc484a6a733b24abc,178.0
deezload,https://github.com/vanyakosmos/deezload,8a25f4657d648a3c70b6287a9828cec724c8fa0e,200.0
demisto-sdk,https://github.com/demisto/demisto-sdk,925303e5c54fc3dda985ef19b6d56a956d189f69,5.0
deviceidentifier-py,https://github.com/reincubate/deviceidentifier-py,e6ddf73c6ab3b26a703bca8619fc999dfeaeb5d2,160.0
devtracker,https://github.com/ConSou/devtracker,ea892d6d48aa5d4627b429469b59ae3f0ce7f10f,200.0
dhis2.py,https://github.com/davidhuser/dhis2.py,1534d5e44e2ee0c2e835ca4d43c3a32e50d43b2e,160.0
dicom-standard,https://github.com/innolitics/dicom-standard,4d40ca75e3af51dd8fc2b027a7f79b6a2f4193cb,160.0
dict,https://github.com/wufeifei/dict,89e730dbc035da6b5ceb598833d2eafc5343864d,160.0
dikicli,https://github.com/silenc3r/dikicli,2304a0ab3cd07b442207a347f2924699741a52bd,163.0
diplomacy,https://github.com/diplomacy/diplomacy,df1d0892ce27501386d8dbf2e9948055ea960445,160.0
discovery-client,https://github.com/tomwei7/discovery-client,b10094532ae22eaebd9d093f9550fa75886a3a88,180.0
django-beam,https://github.com/django-beam/django-beam,43b2111f5c65937aa1e2cc9704b59796e982a805,149.0
django-db-connection-retrier,https://github.com/SectorLabs/django-db-connection-retrier,515deb6c00006251a29f1809ec723c989f3c1df5,160.0
django-fiction-outlines,https://github.com/maceoutliner/django-fiction-outlines,a802f0884fd9ab6dcc6660ee684ee80fd53ec0ba,200.0
django-health-check,https://github.com/KristianOellegaard/django-health-check,73e89fc3325a242eea6765e83b6bf568f72b8573,120.0
django-hug,https://github.com/jounderwood/django-hug,778b16f568ce9fdb01f360b7bff89c9d8b6c2ef7,180.0
django-idempotency-key,https://github.com/yoyowallet/django-idempotency-key,427e15fd8d42191131019209ec5e22197b2e7aac,180.0
django-registration,https://github.com/macropin/django-registration,b66ddb4b0044c5a0f24b6a23d5387f68b6d7e577,180.0
django-rest-framework-passwordless,https://github.com/aaronn/django-rest-framework-passwordless,7fe00dfbef8d163078160c7f317b26ed630fc8cc,160.0
djangorestframework-stubs,https://github.com/typeddjango/djangorestframework-stubs,dd7f7109870624c6cce5de9b55c985d543e715d3,180.0
djoser,https://github.com/sunscrapers/djoser,786edc2bb129d7343e54d59b15b682689f534e46,5.0
dns-over-https,https://github.com/wglodek/dns-over-https,af56580149c8570ea3ba6ea3a5b5b12cf3dadfd2,200.0
do-the-webp,https://github.com/pedrovanzella/do-the-webp,09b372de1c4f1d73d9284517c57c0d869f55144b,166.0
docci,https://github.com/potykion/docci,24cb73232d32e69a412512ed2f110fbbfde99768,200.0
docker-build-ami.git,https://github.com/mickep76/docker-build-ami.git,614e15efb568c2406a520d2bede866fc3215a3d3,4.0
docker-pretty-ps,https://github.com/politeauthority/docker-pretty-ps,2fcc9db4e391df2b96ccc2e967b41b6263fdcc2d,200.0
dockerfile_bakery,https://github.com/kujyp/dockerfile_bakery,fc531752d9fe901375636377dac884a6b750e146,200.0
dockerpy-creds,https://github.com/shin-/dockerpy-creds,9c0b66d2e445a838e1518f2c3273df7ddc7ec0d4,180.0
docopt-ng,https://github.com/bazaar-projects/docopt-ng,bbed40a2335686d2e14ac0e6c3188374dc4784da,180.0
domain-validation,https://github.com/ElliotVilhelm/python-domain-validation,941a6ae29c565f49e98f106b427624874b47f973,160.0
domain2idna,https://github.com/PyFunceble/domain2idna,39a1c4e1ebb877ed511e53b618fbe437a685c970,180.0
domainconnect_python,https://github.com/Domain-Connect/domainconnect_python,b2b3b2d4e279b596c7870f1bad9d168bf55cf3e9,160.0
dotdrop,https://github.com/deadc0de6/dotdrop,5b2b05d353756bd09018f9dba049d0598cf632bb,180.0
dotty_dict,https://github.com/pawelzny/dotty_dict,b23b8a4e4d8af77a2cba99752eed776058ec08dd,180.0
draft,https://github.com/edelgm6/draft,bdd813dfeb914b91c857f8a6675c86c7972555b3,200.0
dremio_client,https://github.com/rymurr/dremio_client,027329f0910ab26a08774f11bd47a5a6999038cc,5.0
dtool-http,https://github.com/jic-dtool/dtool-http,04a13ccb3f252873228ac0d2d4df53c791157217,200.0
dummy_file_generator,https://github.com/datahappy1/dummy_file_generator,f0a27725e1c04b4b2e0259167f10d8f76cfed9d1,200.0
dunamai,https://github.com/mtkennerly/dunamai,0f35675e96835726d8e9dbd3901d9f7b029154d3,200.0
duplicity_backup,https://github.com/jberends/duplicity_backup,8aaad2dac623a72c5d83df19fd349e50baabb7e3,5.0
dynamic-conf,https://github.com/jnoortheen/dynamic-conf,42257f06a66765ac4f5de1c6a4637f4db779c5ab,180.0
dynastes,https://github.com/dynastes-team/dynastes,931b6d9ac83862eb39c2f5144c95b952e9efcd8e,160.0
dzonegit,https://github.com/oskar456/dzonegit,8f952086aa41aee4ebb7432926ed8c6a9211ac9f,200.0
easy_python_requirements,https://github.com/tjdevries/easy_python_requirements,2bf905f34065637cbc781d17d8e5806892fb66d5,180.0
easyagents,https://github.com/christianhidber/easyagents,d6639e82566c0f8bea6ca714d12643143f919788,180.0
easypy,https://github.com/weka-io/easypy,9501c3ee03dcb1630e58cbb73b1647056907bcea,200.0
easypyplot,https://github.com/gaomy3832/easypyplot,b3f8a5560464fd92011c7a2c4f9f9877a08dcf66,100.0
easyquotation,https://github.com/shidenggui/easyquotation,01d7f8795a460b284ff1af8221903156d23b335f,4.0
ebaipy,https://github.com/brucehe3/ebaipy,2fc6740ee5355948ca2e7f2874ee5edb9acbd578,200.0
ebook_homebrew,https://github.com/tubone24/ebook_homebrew,7df72331e9636ad2821543144c8aef02d40b7e23,160.0
econ-ark,https://github.com/econ-ark/HARK,c9138af45fd0a0d97c718c8558f3ea8d9f2ae820,200.0
ecs-crd-cli.git,https://github.com/AdventielFr/ecs-crd-cli.git,7b296c64086a204d3540da272e3d8dd74721c6c4,180.0
edk2-pytool-library,https://github.com/tianocore/edk2-pytool-library,ab6bac82f297b4e8fe0a0d4dcde4711b3cb1bc88,180.0
elemental.git,https://github.com/cbsinteractive/elemental.git,ca570c9f5fc43e20a4db23fc0137380f87be63f0,180.0
elifetools,https://github.com/elifesciences/elife-tools,a5b93afbe4db7852bf1aa12265090d60140fca8e,160.0
empyricalRMT,https://github.com/stfxecutables/empyricalRMT,942060955f2e4c8e464d9fda20a4e1951a63fe9b,160.0
emu,https://github.com/ChrisCummins/emu,3fa30e7a0d56b4f05deaebc05df64a22d708a63c,200.0
engfmt,https://github.com/kenkundert/engfmt,b908ef69aa7941e561019e24f969703f3234753b,140.0
enpyronments,https://github.com/stephen1000/enpyronments,0848c55a2a1b132b3beba94265c103ba49385c8f,180.0
envdir,https://github.com/jezdez/envdir,0db9594a66b58aad7731edc5b20e9436bfe2f971,60.0
envkernel,https://github.com/NordicHPC/envkernel,1bc0e4e3d3fa8f086b5a4e8d9ec68f31fb500de3,200.0
envyaml,https://github.com/thesimj/envyaml,79a220cabb69d71397310d941de205610cf5e4cb,200.0
epathermostat,https://github.com/EPAENERGYSTAR/epathermostat,ff32be0c1e751806f644ce8ff31fcbac05ccfde8,149.0
epic-lib,https://github.com/epic-kitchens/epic-lib,7f2499aff5fdb62a66e6da92322e5c060ea4a414,200.0
eppy,https://github.com/santoshphilip/eppy,98e58583dce6c0fcec9c7b1ff1142bae0a67ddc7,200.0
epsagon-python,https://github.com/epsagon/epsagon-python,b985d8412848f9a0c98e2f15ae0967a6dba3517f,160.0
erepublik,https://github.com/eeriks/erepublik,ad29045acef911224650f8a975c72b9cef4e88aa,160.0
esy.git,https://github.com/kriberg/esy.git,6b0cc47402772c68c41efe3e8a56b2aaa0e27228,180.0
etaprogress,https://github.com/Robpol86/etaprogress,224e8a248c2bf820bad218763281914ad3983fff,160.0
etcaetera,https://github.com/oleiade/etcaetera,e1370cff5fc302ccdba24e7638b720d6cc43ffc0,200.0
ethextended,https://github.com/AlexSSD7/ethextended,800f6237950dfd7420130f876039c37d936919f0,200.0
etlstat.git,https://github.com/icane/etlstat.git,97afa7ad814b13d792a2aa33d741af6eb656b926,160.0
event-bus,https://github.com/seanpar203/event-bus,5353d6472926a299ab4f3a8c33114a725d5b7639,200.0
excelt2json,https://github.com/malongge/exceltojson,6724c7de5153a7b125011e879419273589206d0d,200.0
exonum-launcher,https://github.com/exonum/exonum-launcher,d42f79046f815514b284fe242a8c5abccaf9f805,200.0
exonum-python-client,https://github.com/exonum/exonum-python-client,5e7ff330440cd2fe2c5b707a0cff46048b311ea2,180.0
expstock,https://github.com/chie8842/expstock,28b7ece83fa601efd2b6c4b8b7bdd1a3b9ebc1df,180.0
ext_pylib,https://github.com/hbradleyiii/ext_pylib,15a9b5a80db87b5f20e03ef6bfa015acf4bf8543,180.0
extractpdf,https://github.com/WeAreDevelopers-com/extractpdf,2a1ee7640da0e9f46ae6bef7f6aeb1eb36c5f185,180.0
eyeflask,https://github.com/n8henrie/eyeflask,0fc6b042aac6e30885ecb2d6817fb67fad6e07d4,160.0
fairsearchdeltr-python,https://github.com/fair-search/fairsearchdeltr-python,5bc2e8f0bf24ecd492978474919f512d3c0b65e1,200.0
fake-useragent,https://github.com/hellysmile/fake-useragent,a55c4dc294883c73231e085fca34ab5a8e2bc1f1,120.0
fanstatic-tools,https://github.com/MiCHiLU/fanstatic-tools,c075a2195c8138d103b72ef8445ef08f2a865984,200.0
fastapi-sqlalchemy,https://github.com/mfreeborn/fastapi-sqlalchemy,8ddf0edab22873365441757107ce21234bc09f8f,180.0
fat-py,https://github.com/samuelvanderwaal/fat-py,c7cd5f626d53d97fc777810fdde396521d649c3f,180.0
fdep,https://github.com/checkr/fdep,36fba98e6b3af35adf238c61f700a8138c090a5e,100.0
feature_engine,https://github.com/solegalli/feature_engine,ba4d7050b3923d620c1773b66cd4c51ed24498dd,163.0
featureflagclient-python,https://github.com/tmaslen/featureflagclient-python,05cd5705d3d51488da9ce5a4d1ade65d8fd49e82,180.0
file-config,https://github.com/stephen-bunn/file-config,9de4d0aacdb7b9bc0069a2da10eb406c88e21103,200.0
fileguard,https://github.com/iluxonchik/fileguard,73854b783faadb8e5370c407b897049131a42e50,200.0
filestack-python,https://github.com/filestack/filestack-python,1bd6749735e5c78dde767e0685ddfdf0cd7423e2,200.0
filtered-intervaltree,https://github.com/lostinplace/filtered-intervaltree,37da431ed36dc9e7936ebd330869f142538ef79d,160.0
findatabroker,https://github.com/tomerten/findatabroker,204c433d51e2d2de5c132a4607cd504809fd4a71,200.0
firestore,https://github.com/workenvoy/firestore,4933f1a9f307539a8cef4ea80869c8821a92bc8d,180.0
fireworks,https://github.com/kellylab/Fireworks,ff027cd8d1b8ce5eec6a37d786e7de675d8c0849,160.0
fish_base,https://github.com/chinapnr/fish_base,1615ccff9106bf42fc6ae862cd13353c12c1b76d,200.0
fissa,https://github.com/rochefort-lab/fissa,2077a8c8a029948dcf1d4c352f785700f42aff9f,200.0
fistro,https://github.com/kingoodie/fistro,42c129d058fe017d3d1436da4350b6842f1c5535,140.0
fitbert,https://github.com/Qordobacode/fitbert,4b0f2f3f47e5a3fea0ee59d65f71c44b830a93d9,180.0
fitsmap,https://github.com/ryanhausen/fitsmap,7d797e6c611cfb6af10ff2a0d09b04c35d72673e,200.0
flair,https://github.com/zalandoresearch/flair,c37aa7874c9e99692a9ee7a22a8f8fa060a03819,179.0
flare,https://github.com/mir-group/flare,29c3efa9364fdd16d5598e217f146dd69091e9f9,168.0
flask-apify,https://github.com/vitalk/flask-apify,f486d2616575be0e460ccf354d22badb7d68b387,180.0
flask-ipban,https://github.com/Martlark/flask-ipban,882a25495be55609e5d9a058b8139b78836d64d4,200.0
flask-request-logger,https://github.com/BbsonLin/flask-request-logger,26b87d56cf1dffb3f8d6a2ca8c2b1873b9d6a65e,180.0
flask-rest-api,https://github.com/Nobatek/flask-rest-api,82127373237670840b87f1f98a446729bf85b6cf,180.0
flask-rest-jsonapi,https://github.com/miLibris/flask-rest-jsonapi,b44bc08b11213d49fadae873650d3555889052ec,180.0
flask-smorest,https://github.com/marshmallow-code/flask-smorest,02e9e84def5ace80522c76b830fbef9930a28771,160.0
flask-sqlalchemy-booster,https://github.com/SuryaSankar/flask-sqlalchemy-booster,e43980e29a18e725d791b87ce1b677470bbaf22c,160.0
flask-template-master,https://github.com/AKuederle/flask-template-master,d6d8d2747eccc6629658caf4295106db1b3326a1,180.0
flask-unchained,https://github.com/briancappello/flask-unchained,9004dc99db14813e20bea8c4023a45aa3a120965,160.0
flask_datepicker,https://github.com/mrf345/flask_datepicker,2dd57635413bddf73a0e064cd5b2f3a743b56f99,160.0
flightradar24,https://github.com/mkorkmaz/flightradar24,b8c14aa17c970672bf4f286aa6630192f450c3cd,180.0
flynt,https://github.com/ikamensh/flynt,9ec53b1ae8fcf62272a297e533626a54ed27f46f,5.0
fmi,https://github.com/kipe/fmi,c567622ad29a14a03645b8bc8c7565f315b53480,140.0
fonoapi,https://github.com/jakesherman/fonoapi,01248a6d3a9f56fa9613f387ae66820a73b48742,140.0
fontMath,https://github.com/robotools/fontMath,7f84204033c2d0a284d02e626320ee27c3dfa5ee,200.0
fontPens,https://github.com/robofab-developers/fontPens,101eb7075ed4daa07eecebb779b4d880e59a58eb,180.0
fontbakery,https://github.com/googlefonts/fontbakery,9bbf2da4947b7e5ce82c06a8ce7b484185ddac67,180.0
fooof,https://github.com/voytekresearch/fooof,7a520c4f8ac3a44f4f18dc025b5e5d40049c9f2b,163.0
forkliftpy,https://github.com/castelao/supportdata,d0b878e2779120f3cdd2d5a241addc18e26f8616,160.0
fossor,https://github.com/linkedin/fossor,d8dbdc40f2f16da601c317dfa74b83e3932c9bb3,200.0
fparser,https://github.com/stfc/fparser,4be91d2e1078fa5588e84a3299131f297afba675,200.0
freegs,https://github.com/bendudson/freegs,87bc845a8c1f4f48249c6fd930bc97b436468dd2,180.0
freesia,https://github.com/AuraiProject/freesia,16834c17725edac74eb50fc5ce2ff1db6f3f4840,160.0
freezegun,https://github.com/spulec/freezegun,b46da782a7a051081fd51577749cfc0074db0cc6,200.0
ftpsync,https://github.com/lpenz/ftpsync,bbf40b8ebd28762b92b70571e0d9a6e642ce3467,180.0
fuelwatcher,https://github.com/danielmichaels/fuelwatcher,1d2aa12016c227edfd47f3e2ca3e72db32000de6,160.0
fuzzylogic,https://github.com/amogorkon/fuzzylogic,58bd23aeb4b6bf39bd950bcf468b0c2f5c649e69,200.0
gabbi,https://github.com/cdent/gabbi,8aa4e70a000882e6a177bf9ebaa9a8dbc3ca4413,180.0
gamble.git,https://github.com/jpetrucciani/gamble.git,d17b25899183a4c4b25fe644024ff754132ae513,200.0
gamry-parser,https://github.com/bcliang/gamry-parser,0e1f81fb8fd3e433e0df945a85b133ed70a416e4,180.0
gaplint,https://github.com/james-d-mitchell/gaplint,64fa97fef3a726ba07c99bc17706500c02564f0b,180.0
genhtml-markdown,https://github.com/aluriak/genhtml-markdown,67c903bce9e85184a5897bdc78106a8f2ec24902,180.0
geocoder,https://github.com/DenisCarriere/geocoder,39b9999ec70e61da9fa52fe9fe82a261ad70fa8b,180.0
geom,https://github.com/josiest/geom,d12b381706ee620cba1c6a6cb45ab7815e5a1dc9,200.0
geomag_wdc_web_app_interface,https://github.com/willjbrown88/geomag_wdc_web_app_interface,07a27cadc6db239e39b871a6f55f57a917ed02e4,180.0
geomstats,https://github.com/geomstats/geomstats,66abff977bf81b3f23d54869ea4a472e7819a4bf,5.0
geosci-labs,https://github.com/geoscixyz/geosci-labs,f3e5bb92fc60879816d7c1c8f71847561b65b81b,40.0
get-wayback-machine,https://github.com/jfilter/get-wayback-machine,ae52b3f2d1dc74dc4e356f412361727e975c6771,180.0
giotto-time,https://github.com/giotto-ai/giotto-time,9c84a8fc1b9dc5769181ce0e9e9f44976884cd41,0.0
git-groomer,https://github.com/JavierLuna/git-groomer,64a54e7db3adc1153b200b870f4bea4606504ebc,5.0
git-profiles,https://github.com/popadi/git-profiles,ca20173f63f57c21868c4c49c1e5c515d4bc87fd,200.0
github-release,https://github.com/j0057/github-release,067d7f1f557e16c4db57696d30732d566e314a45,180.0
gitlab-stats,https://github.com/Sylhare/gitlab_stats,23fbc53f30e09c122ebe8259ef6850756e454d7e,200.0
glia,https://github.com/dbbs-lab/glia,3484b9beefdb6b129b661c95a733b279431d6ecb,5.0
googkit,https://github.com/googkit/googkit,cacb37bf65e5ac19379b329beb02af907240aa60,200.0
google-play-scraper,https://github.com/JoMingyu/google-play-scraper,24f715446dedea01461ef71244795973ce673f38,180.0
gplaycli,https://github.com/matlink/gplaycli,b161dbffa64ddc7081ca7c880ce27f84c2f0a0d8,160.0
gpuview,https://github.com/fgaim/gpuview,51f482de6f3360f9b403f8784112f20d42cdd924,160.0
gpx2spatialite,https://github.com/ptrv/gpx2spatialite,ea9224cbc32c49409371ff64884c3741353e548d,80.0
gpyocr,https://github.com/ceccoemi/gpyocr,b1155499d227f4203b4cc92934760ae4ab407023,160.0
gqlmod-github,https://github.com/gqlmod/gqlmod-github,241044bc80dad7cd3b5ceb6790e373c2e089b1df,140.0
grabbit,https://github.com/grabbles/grabbit,83ff93df36019eaaee9d4e31f816a518e46cae07,180.0
gramhopper,https://github.com/OrBin/gramhopper,9396533d10bb469c77985ad931033f400479809b,180.0
graphene_sa_optimizer,https://github.com/colanconnon/graphene_sa_optimizer,755895dcb13de649012096e97a7c9e2f8494e91d,180.0
greensim,https://github.com/ElementAI/greensim,f160e8b57d69f6ef469f2e991cc07b7721e08a91,160.0
grimoire,https://github.com/KorfLab/grimoire,6ebfa357e966036c846c658710c136f540290615,183.0
grip,https://github.com/joeyespo/grip,27a4d6d87ea1d0ea7f7f120de55baabee3de73e3,200.0
groc,https://github.com/sjbitcode/groc,89be28338ecc057b16c430b3f3765f53ae0e934c,200.0
gsmls,https://github.com/AlJohri/gsmls,04f9ce71f572686f785266a766f8a3dfd42cf152,180.0
gtsrvd,https://github.com/narfman0/gtsrvd,af78aa061c910658dfbc89d24171dff334b087f9,180.0
gwopensci,https://github.com/duncanmmacleod/gwopensci,06b56ce506fda3af4857c8a1aae7bb60fb1925e9,160.0
h5nav,https://github.com/clapeyre/h5nav,595040c2f9b65196ceaf18d1c2c58d848466a22c,174.0
hack-requests,https://github.com/boy-hack/hack-requests,f78ebc36edb08308222b00239850cefe87c77fb6,180.0
harmonica,https://github.com/fatiando/harmonica,2980071fce37948f2d13d8b7120c96ed18923410,200.0
hawaiio.git,https://github.com/florimondmanca/hawaiio.git,4a8005d216b29e2f462be00c9285776651d0fa2b,160.0
hebcal,https://github.com/TheBestMoshe/hebcal,7d77d2137684342b91fa7402cc357316f23dcfa1,180.0
helpers,https://github.com/infosmith/helpers,72c40cf1d1a46875f2956e8827a55d4232db48cb,180.0
hessianfree,https://github.com/drasmuss/hessianfree,4517bb1826253f712f539ff275a5d35f50312714,180.0
hirefire,https://github.com/ryanhiebert/hirefire,cf8686d127cc914cea350350b5bfe8acfa4163ce,200.0
hmmpy,https://github.com/klaapbakken/hmmpy,b5d95e72d0cce150db265e94cf623d1d57148607,140.0
hockey-scraper,https://github.com/HarryShomer/Hockey-Scraper,a829e0a0fe4bf548109863031ea9987abc0219a0,160.0
homog,https://github.com/willsheffler/homog,5b49902ff3dea972f2c466abe7937546b50ee9f1,200.0
honeycomb,https://github.com/Cymmetria/honeycomb,33ea91b5cf675000e4e85dd02efe580ea6e95c86,200.0
hostopen,https://github.com/jaketreacher/hostopen,b1c8269aff13d4c2ec336cc8f366f42260c4e943,200.0
hotwing-core,https://github.com/jasonhamilton/hotwing-core,f4d864b1618e928bd981540b2a446bdb74023ca6,180.0
hpdr,https://github.com/laboo/hpdr,6760ceb1f4a6078f70e86e54bb2ee4e269915f9c,160.0
http-tracer,https://github.com/danielmichaels/http-tracer,aa1f6c7944caa71efc3b77acc73069701074b29f,160.0
httpproblem,https://github.com/cbornet/python-httpproblem,0b08139277e9cba02339eeb0996c0910d047274a,160.0
hubspot3.git,https://github.com/jpetrucciani/hubspot3.git,3b4f047e86450e40a2e2a257231daa780d7ccea8,180.0
humansort,https://github.com/coreygirard/humansort,270c4ec6f239173e51f05e2d7f514697fdbbb445,200.0
hypernotes,https://github.com/binste/hypernotes,4c9b82b7431f6af565318df58c03e764e9490eff,180.0
hypothesis_sqlalchemy,https://github.com/lycantropos/hypothesis_sqlalchemy,6c68a065802d5efdfa3d805d9e4a79199ab46ea3,160.0
iatikit,https://github.com/codeforIATI/iatikit,22193fd7aa76b9cc9de4ff853a981cb50e508049,180.0
icloudpd,https://github.com/ndbroadbent/icloud_photos_downloader,e5f304941e2a74b1fbda06c4270ec2fc100e6a49,200.0
identixone-python,https://github.com/identixone/identixone-python,232e5dfcf98ebe91a3ed433a265be161ee965a5e,200.0
iex-api-python,https://github.com/danielecook/iex-api-python,144fcd7b1719b8607acb1e535e51ea1867c05263,180.0
iexfinance,https://github.com/addisonlynch/iexfinance,e502c671643a10121dd423c5665adc56b982199b,180.0
imbalanced-learn,https://github.com/scikit-learn-contrib/imbalanced-learn,0eb90333ca3b0095b430ac3976ffe1b3e6fe9be5,180.0
imgload,https://github.com/frenos/imgload,b6f8decf3bc753b85ec7ec27bc25373feb99b478,180.0
imgur-downloader,https://github.com/jtara1/imgur_downloader,1ff0e952b662e499f354dccf46022c678858b3af,200.0
immunopepper,https://github.com/ratschlab/immunopepper,f492ba8c7183061bdc937534f5ac73e1cc7600ae,137.0
impartial_text_cls,https://github.com/bond005/impartial_text_cls,d7503c55388625b988098b307350b1f899e48e3c,20.0
impedance.py,https://github.com/ECSHackWeek/impedance.py,d1019c161be9e967ae227117b72acae4351e198f,180.0
importanize,https://github.com/miki725/importanize,2a1731431b46fc0c2e71e15f58552916820491a3,5.0
importmagic,https://github.com/alecthomas/importmagic,c00f2b282d933e0a9780146a20792f9e31fc8e6f,180.0
importmagic,https://github.com/paradoxxxzero/importmagic,9d0f55ce5b552062b7971de70c4fc587564502d2,160.0
instabot,https://github.com/instagrambot/instabot,d68b55015322898c3842c92dcc5989581043252e,180.0
instabrade,https://github.com/levi-rs/instabrade,73d027ce2e3b0141c7f1c83567151b5638905355,140.0
intake-avro,https://github.com/ContinuumIO/intake-avro,6b190edc24af86118ae930a13f955d9411810143,180.0
intake-cesm,https://github.com/NCAR/intake-cesm,00fe97676b165bf41fb985a5e03b07a4a9772b71,200.0
intake-stac,https://github.com/pangeo-data/intake-stac,d71b2d2b0ea2f8c89cb0310706c4de6d19406e17,180.0
irritable,https://github.com/timb07/irritable,6d250dd716890b7b78b2b42e2f04be3058b09856,200.0
isle,https://github.com/dmkskn/isle,81397e6e8c75543f9fd2efd2c34928077542da2a,180.0
iso.git,https://github.com/bprinty/iso.git,1b62a0e65e0d273440c4461f26c9bd8911069e31,160.0
issue-watcher,https://github.com/radeklat/issue-watcher,16e126be400122e7162d6d16efecd3ef5e9d6a73,0.0
italian_dictionary,https://github.com/sphoneix22/italian_dictionary,6758bf1afd6bfd85f874936f8f878246ab8209b4,200.0
jackfruit,https://github.com/zzzzlzzzz/jackfruit,350a41aa28e2bdc9367f9dd5e686b21125828589,100.0
jake,https://github.com/sonatype-nexus-community/jake,a1dd3401c8f3faac41dad8a836c2b3d9e7f4098d,180.0
jgutils,https://github.com/jerodg/jgutils,6c8ed6aca37d509af8ce1b57635fad62f1c846b4,160.0
jinja2-github,https://github.com/jcfr/jinja2-github,4012e5f87ea4b53d2eee406f91cf6738008636a0,180.0
jivago,https://github.com/keotl/jivago,52761e0822bb5ef8dd081d3f45c53d05738dbd5f,180.0
jmcm,https://github.com/Xuerui-Yang/jmcm,e82574eaad2195944ec1899a41de238f8948f554,181.0
joblib,https://github.com/joblib/joblib,440b1b899d357a9db6526ca87051a77963b33631,160.0
json-storage-manager,https://github.com/hefnawi/json-storage-manager,c7521fc4a576cf23a8c2454106bed6fb8c951b8d,140.0
jsonextra,https://github.com/den4uk/jsonextra,e82c2e873b4d9c8105fd4e5ed43e7fae4fe6bc2c,180.0
jupytemplate,https://github.com/donlelef/jupytemplate,4e894f3b5ed8cdb00c181581840a12b002886677,180.0
jupyter-sigplot,https://github.com/LGSInnovations/jupyter-sigplot,498cda8f3648282cba84745d97e8973d2a02ed89,160.0
kafka-utils,https://github.com/Yelp/kafka-utils,bde091515d1dcdd56b9272a3ab01b54742a60253,160.0
kafkian,https://github.com/saabeilin/kafkian,79eb88b874876632590fea48afcab09592c717dd,180.0
kanren,https://github.com/pythological/kanren,bacc7eb5895c348e348c1b5291ddf188f88c5c88,200.0
kb_python,https://github.com/pachterlab/kb_python,3ce4d8e655da2da74a5114c680c9d2cf3a2b328c,180.0
keepassxc-pwned,https://github.com/seanbreckenridge/keepassxc-pwned,aead83c1749b62006a28526905d8fee5cd2ae902,100.0
keplertools,https://github.com/dsavransky/keplertools,8a46aea897a7cd584c4c2afa1e5ea160f47aef6e,180.0
keras-bert,https://github.com/CyberZHG/keras-bert,e9ccba8ed56b52102bfd08fd231bf9b79d7e0e3e,160.0
keras-layer-normalization,https://github.com/CyberZHG/keras-layer-normalization,12262dc34333f27b6b809a643b1906c9ed2d5cd9,200.0
keras-pos-embd,https://github.com/CyberZHG/keras-pos-embd,7f9d179d361a094272ba87eaae7cdeb935b35c72,160.0
keras-trans-mask,https://github.com/CyberZHG/keras-trans-mask,7d5420b2ac15ffba73ab4add7a17f1eb635a473c,160.0
keras-transformer,https://github.com/CyberZHG/keras-transformer,d84a50fd1986a7b343d2db024b60bfe5f3dc276b,180.0
keras-transformer-xl,https://github.com/CyberZHG/keras-transformer-xl,72c0072a71384a360c72522dec21f37293d1ba84,197.0
kevinarpe-rambutan3,https://github.com/kevinarpe/kevinarpe-rambutan3,5d7469912b559338dc15f5c7fb2abc91103ea0c5,180.0
kindle-maker,https://github.com/jachinlin/kindle_maker,5c478bdaf3cb7d2e824f21462e72543d15c6cc95,160.0
kismet-py,https://github.com/autochthe/kismet-py,12c063b1f17d084d978ae8fe8405fd1527a82e15,60.0
kitsune,https://github.com/aluttik/kitsune,43824cccf46f433a71b30a7febc0e3500b831067,180.0
knack,https://github.com/microsoft/knack,dc7b7d857ce3c11b2a3155b81f2470b3b579e7c9,180.0
knit,https://github.com/dask/knit,934aee7012967453b7343f6e01f16b26aece2aaf,200.0
kool,https://github.com/edasi/kool,efe847a05c1a07af5eddeeeb700fdefcb6c9ced9,200.0
krllint,https://github.com/d4nuu8/krllint,2f9376cdae14c201364d9c31b4c19a8ff2f708d2,160.0
kwalitee,https://github.com/inveniosoftware/kwalitee,9124f8f55b15547fef08c6c43cabced314e70674,200.0
l293d,https://github.com/jamesevickery/l293d,c026a9b58769f23d3e999234ba9df30fb021f949,180.0
laminar,https://github.com/dgellerup/laminar,74258f6e6cc8b3b4e9eaf7cc522192a353a3b45e,179.0
langmodels,https://github.com/giganticode/langmodels,53462a755eb07cbbccdd179605185059634d6ac4,180.0
langsplit,https://github.com/mindey/langsplit,d30d47bd6f73852dc716f1e79225d8d49dc39daa,200.0
lathermail_client,https://github.com/reclosedev/lathermail_client,d20e74e7681f17d780f1b97203339c01bd9ff52a,200.0
latinwordnet,https://github.com/wmshort/latinwordnet,39c1af3bdf44521288fe41c5b1f551db37b6d38a,200.0
layeredconfig,https://github.com/staffanm/layeredconfig,c0eae96da7848ea52b43ac947f284eb2324d9ce1,180.0
layouts,https://github.com/hid-io/layouts-python,0b036e1f1695b16e0e6e61540ef7ecd6047a5bd1,200.0
lazy_import,https://github.com/mnmelo/lazy_import,29c74c83e90adff62d363220fee8cf7d6f0dd3c9,160.0
lazygrid,https://github.com/glubbdubdrib/lazygrid,ce290e9b2ce528088c5b65bdaf1a83e1a08aecdb,165.0
lazypr,https://github.com/sanjaz/lazypr,226895868769f613d9e905f265a4fd7c421d2fd4,180.0
lcc-server,https://github.com/waqasbhatti/lcc-server,b8256bf28aee42e628abe27f0203d6f5361fb84b,160.0
lds-org,https://github.com/jidn/lds-org,e38c30b06c1059478a975cc565c615cb745d7f45,180.0
ledger-3pc-batch,https://github.com/evernym/ledger,7210c3b288e07f940eddad09b1dfc6a56be846df,160.0
legomena,https://github.com/VictorDavis/legomena,274de31fdf345d440f1f8d6cb58eba836637e5a4,160.0
levitate,https://github.com/AppliedAcousticsChalmers/levitate,f6b2b2666e82bbff0ef5664aa687bb87876467cb,180.0
li,https://github.com/goldsborough/li,8ea4f8b55183aadaa96bc70cfcfcb7b198874319,160.0
lib-cove,https://github.com/OpenDataServices/lib-cove,74ba874ec6882969894797ee0dbc5c70a16019e5,200.0
libearth,https://github.com/earthreader/libearth,71d2f3246eb0b6a3668a64e2242616d20b1d7dcd,200.0
libpythonpro,https://github.com/pythonprobr/libpythonpro,96480344e6dd16f8257f16cf273110781bf0d4b0,180.0
licenraptor,https://github.com/starofrainnight/licenraptor,ed543a2b43b75d733579509a78161928ac29234c,160.0
limitediterables,https://github.com/Poogles/limitediterables,3ce3bc28d5c4092db3d5499ad60339c007f4c0e0,180.0
limix-lmm,https://github.com/limix/limix-lmm,0f0a9875e6d0ed0511db54c911992332b76baa13,200.0
lineflow,https://github.com/yasufumy/lineflow,677ed8ba2374f084d58864c2027a7d0245e8f198,180.0
linux_aio,https://github.com/isac322/linux_aio,007d033b42703e9bb4d7cd99ca50e54108215d46,160.0
litedb,https://github.com/JonathanVusich/litedb,2694bc39676d8398f669c0aed96aef89623dbc9a,160.0
lithoxyl,https://github.com/mahmoud/lithoxyl,9961553a065a1ad8bb7a2407fe74f2cfd6c79a20,180.0
livebridge,https://github.com/dpa-newslab/livebridge,d930e887faa2f882d15b574f0f1fe4a580d7c5fa,180.0
ljson,https://github.com/daknuett/ljson,1d3dc13001d9d2f61bcfbf9d5c5b16d44fb8076e,180.0
localshare,https://github.com/sunu/localshare,0bfada0682ab020ded70fc6bf796ba188b726292,80.0
logbeam,https://github.com/osperlabs/logbeam,05a6609d6ecd066a35c79ab4ff5726c3cb69f03d,80.0
logparser,https://github.com/my8100/logparser,ed7948b271884af68eb3bb13fa9ee51a4892552c,180.0
logstash_logger,https://github.com/rcourivaud/logstash_logger,135f9b314428717909f4cda17298db7100b1e7d3,180.0
logx,https://github.com/djrobstep/logx,c53fabbc160fb8d70fa878684ea36f0c22fd5caa,200.0
logzero,https://github.com/metachris/logzero,b5d49fc2b118c370994c4ae5360d7c246d43ddc8,200.0
lol_api,https://github.com/gradam/lol_api,33ea96f5eeac581737949b733d8af1c4436e94b9,200.0
lzdeb,https://github.com/mkjt2/lzdeb,ae84db7ca1af750e4decb35d238b40923c1adc8b,200.0
m3u-dump,https://github.com/stateya/m3u-dump,1ec3eeedb4c650af76c6c66859375ca2d2a6e1bc,180.0
mackinac,https://github.com/mmundy42/mackinac,eccd95394e48f508576af76e6863c9f51f75a5c9,200.0
marlin-bookmark,https://github.com/wilfredinni/marlin,85f4ae0080ee9a25c1b8d2e481725ac9c42ca99f,200.0
mbed-cli,https://github.com/ARMmbed/mbed-cli,8c0256e0ce96707cbd703ec7bed25f2af0df331b,160.0
mccabe,https://github.com/pycqa/mccabe,e92e9e79799c5796f76f3da821dbb5aa56e41028,178.0
mdutils,https://github.com/didix21/mdutils,2ef859ecc1e4f1a3e24f4150c96f61180bc57ceb,198.0
metcli,https://github.com/ozzywalsh/metcli,4658176034cea68955849bf488494c8ce3ffcbcd,80.0
metron-tagger,https://github.com/bpepple/metron-tagger,2be176293218fa101dd84c95c72b8ae646b2731a,180.0
metropolis,https://github.com/ashon/metropolis,2ef1b672bb22ffac2fe6d10d2b96393fc4f76729,200.0
mgun,https://github.com/maximdanilchenko/mgun,11540dd661afd2e8a18dd74ca0a5b416f671a4a1,160.0
miflora,https://github.com/open-homeautomation/miflora,31e59bdb20dc7262ea5ee2964eeed8753806f420,200.0
mihifepe,https://github.com/Craven-Biostat-Lab/mihifepe,7f03e4413d1e42e9265d790cb64c41f34dbea5ab,180.0
mir.orbis,https://github.com/darkfeline/mir.orbis,a3f4f19aed97ae35909003ac8d4957d1bd45dd32,200.0
misu,https://github.com/cjrh/misu,157ad7ce14969ef8b9796591989115ca9ffc09f0,160.0
mithermometer,https://github.com/hobbypunk90/mithermometer,894102b12b89f56b8b4beed787f273d3981fd0f6,200.0
mlconjug,https://github.com/SekouD/mlconjug,840e990bd96b56785a68712e9729582ede168ec2,200.0
mmpy_bot,https://github.com/attzonko/mmpy_bot,4faa19a9e04c75af94c45c24dbd0c9d9ecb867d4,180.0
model-sdk,https://github.com/runwayml/model-sdk,3132b2ab424f1020e8d30e4897057103ab3e6623,180.0
modularity-density,https://github.com/ckmanalytix/modularity-density,86c48ba0fc5604d3c4d6d114a3077de2447d0a99,0.0
mork,https://github.com/sarugaku/mork,92068b97cebf0d44119ec8db994124174926f7c4,191.0
mountepy,https://github.com/butla/mountepy,796595f0011cc4a62cd7796dd71c3681008a4731,200.0
moyasar-python,https://github.com/moyasar/moyasar-python,aa8716ae3f98f8782141abe6869dfbb90af98b62,180.0
mpesa-py,https://github.com/Arlus/mpesa-py,2844ac9c1dea57507808b0d65f3e134238adc5bb,160.0
mpi4pyd,https://github.com/1313e/mpi4pyd,bd5fa6ae3daaa95a8bf508a77242c9376014bc73,180.0
msgcheck,https://github.com/flashcode/msgcheck,1b61115d0fa622dc274bc3d1df82509f56f11f5d,180.0
msl-loadlib,https://github.com/MSLNZ/msl-loadlib,e7d84862adfd82c1a3bc9dae93008ec395a8f414,180.0
msp2db,https://github.com/computational-metabolomics/msp2db,fc7108625704c1074a3c085fe67d7ce72367a124,160.0
msticpy,https://github.com/microsoft/msticpy,e159059b7086d03289e2bc31a905014811c3095c,80.0
multicrypto,https://github.com/tompin/multicrypto,d7ca70f26d022abac62eb4f0dfa6ceca4fcb1873,0.0
multiindex,https://github.com/sushobhit27/multiindex,b631e60bd47558eca9067a0dc87f0e713cddc6f2,160.0
music-dl,https://github.com/0xHJK/music-dl,883b643d62c63496572f5b883f76359324a5c853,180.0
mw-category-members,https://github.com/jfilter/mw-category-members,9d3b11b5cfde2165a9ff1613ff11d7595a33320e,180.0
mxnet-octave-conv,https://github.com/CyberZHG/mxnet-octave-conv,5bbe5aa0cc6f43f242cb4a656495df70e3198f1b,180.0
myr-base,https://github.com/Vnet-as/myr-base,56e347b4f4d70f53a6afe55e96c1f9e35f5454eb,180.0
mythx-cli,https://github.com/dmuhs/mythx-cli,f6b3d20d51ca1cfaed3cd45226bd1074388d42b9,180.0
nacos-sdk-python,https://github.com/nacos-group/nacos-sdk-python,34c0dff8b78956331788d5ffa7f11811465e05ae,180.0
namecom,https://github.com/CtheSky/namecom,16ad4a60a0d4b6d1fea2eed57674d5b020e272cf,178.0
named_enum,https://github.com/KnightConan/named_enum,81452ebe233b570b21786adcfb0b15d1aeeabc82,160.0
napalm,https://github.com/napalm-automation/napalm,0e23a55f52221e528be66c1f06a141f937e842f7,180.0
nats.py,https://github.com/nats-io/nats.py,b77bd2be28296fd4e1db9082f634bb80c7690b29,180.0
nba_scraper,https://github.com/mcbarlowe/nba_scraper,42a2a1f8f73f6d8ed97636582899d5efda8d0665,40.0
nbless,https://github.com/marskar/nbless,9b6df96dd09b135232679c202d829c5bcca8a51e,100.0
ndradex,https://github.com/astropenguin/ndradex,0d1a1ed52296f7d4d38254ad081aabff8e923182,180.0
ndx-bipolar-referencing,https://github.com/ben-dichter-consulting/ndx-bipolar-referencing,7f24be3b82c7f2adc1afef6a44a58bea264e384a,200.0
neon,https://github.com/mrmechko/neon,42ad78e3d79583a93abce6d06b81dafc29017514,200.0
netutils-linux,https://github.com/strizhechenko/netutils-linux,dfcb0900ffffa3020656338bbab123f6da00a168,100.0
network_traffic_modeler_py3,https://github.com/tim-fiola/network_traffic_modeler_py3,b6ff85e94fc3ddcfafa8005650d6e579604fe739,200.0
neurodsp,https://github.com/neurodsp-tools/neurodsp,19aa50c71deaa19e4ed85efa192afa8ab63d0bf1,180.0
newrelic-lambda-cli,https://github.com/newrelic/newrelic-lambda-cli,a08271396c7451b7c4e7ccf905353dbe3782ef40,200.0
nhlscrapy,https://github.com/xaaaaav/nhlscrapy,1597be016b740332c2c42f48b802c75fff54812c,140.0
nicoclient,https://github.com/jaeseopark/nicoclient,71188e0a07be73bf581bbf5c65080831fa3b4fb8,140.0
nifconverter,https://github.com/wetneb/nifconverter,21998c88ead99cd37993d40b9f8e4858cc6d4c7e,164.0
nikamap,https://github.com/abeelen/nikamap,d39c488c89bf5d90fffe3c05580fc13551522ee5,200.0
nipype,https://github.com/nipy/nipype,f2a2034c5198d955318d76163dee9562314d1eb0,180.0
nlp-datasets,https://github.com/luozhouyang/nlp-datasets,471e2e3ad2a4b8c363c5a4080683bac5618c8c6a,160.0
nnweaver,https://github.com/gvinciguerra/nnweaver,e7a94d743f6eb118592524e30f54cda22cdc5e81,200.0
noaa_coops,https://github.com/GClunies/noaa_coops,81dc986313bf89466760892dd7fe2653d9b49dda,200.0
nodal,https://github.com/thimic/nodal,261eeefd50298765c5722c5f7da72e6f2927bd3e,200.0
noipy,https://github.com/povieira/noipy,c35add5386b57547c5a72650145a267dc88fa77e,180.0
noisyopt,https://github.com/andim/noisyopt,625b874918ac5926c3bf05d869e914cbddfffe20,200.0
norfs,https://github.com/Galbar/norfs,5cb9458d8eb5bf4af14603307946646350746a8f,160.0
norm,https://github.com/joshmarshall/norm,8e540aa6f7026f8783a4fdf5fc135ecda12d17b7,180.0
novelWriter,https://github.com/vkbo/novelWriter,559f2e53e410f9793ab08c2ef7ed308f75c92985,160.0
npmenv,https://github.com/shadow-light/npmenv,4c1f0c2a2ae300217f2f55421195a5b98b4b6a7e,160.0
nxviz,https://github.com/ericmjl/nxviz,d2a2a622e834148a9f4337dbe1021a05c5f18548,180.0
observed,https://github.com/DanielSank/observed,d99fb99ff2a470a86efb2763685e8e2c021e799f,160.0
ocopy,https://github.com/ottomatic-io/ocopy,d5e977b7ed8ef28f8ae03b59390a7e551524e88c,160.0
odinweb,https://github.com/python-odin/odinweb,198424133584acc18cb41c8d18d91f803abc810f,80.0
odoo-autodiscover,https://github.com/acsone/odoo-autodiscover,b7c6869ec34a7c141b207abc0971eadccd3a0316,60.0
ols-client,https://github.com/Ensembl/ols-client,1ec1524449cf35b6c17cf4be7071b6fde539521b,120.0
omf,https://github.com/gmggroup/omf,bf0cfaa4d05c438606d7b4561166bf12d2c1be74,180.0
ontobio,https://github.com/biolink/ontobio,ade3d89729bce16e39073ede2c0f253f309dc299,140.0
opendrift-landmask-data,https://github.com/OpenDrift/opendrift-landmask-data,a7479b0ff159791f5232387f530b4f1d15ad3acd,200.0
opentargets-py,https://github.com/opentargets/opentargets-py,4a0e5b286a82a2316329c87409994c4a1d82622e,180.0
orderly-web-deploy,https://github.com/vimc/orderly-web-deploy,550e1f21df54cb71ffab2411f45e7bd49095279a,200.0
osc-tiny,https://github.com/crazyscientist/osc-tiny,88c33c2c7f73ea26067e1bb4190bab5dc298dd85,180.0
override,https://github.com/davidhyman/override,e34bd3c8676233439de5c002367b3bff5c1b88d6,200.0
packeteer,https://github.com/lungdart/packeteer,2c6e0e8683462e17ff095a89f13a10daf29ef9e0,180.0
pageobject,https://github.com/lukas-linhart/pageobject,6ae83680ae62a94f93cefc394e4f3cc6999aeead,180.0
panamah-sdk-python,https://github.com/casamagalhaes/panamah-sdk-python,746f3fb7ebcf01810917bf9afa8e7ff5a4efad21,180.0
pandas-datareader,https://github.com/pydata/pandas-datareader,d2ef4e62e584d87f424749ff7ecd28af64cc9e53,160.0
parse_it,https://github.com/naorlivne/parse_it,886d7de0e74e67edc136411a5220e35c1149e743,200.0
parso,https://github.com/davidhalter/parso,6ae0efa415c9790000dba70f87e6ece20d6a4101,180.0
pbpstats,https://github.com/dblackrun/pbpstats,f2256adb1c101c6af8cfa83d59b437f65d9a689c,5.0
pcpartpicker,https://github.com/JonathanVusich/pcpartpicker,19b505d90b2e76d747fd8b5be4d7a979da3cc365,200.0
pdfebc,https://github.com/slarse/pdfebc,ddc7b88f2b7df0063345c3e8c940ac76832a4af8,180.0
pdfebc-core,https://github.com/slarse/pdfebc-core,fc40857bc42365b7434714333e37d7a3487603a0,180.0
pdir2,https://github.com/laike9m/pdir2,ef5e2200074d68e2ca3df4ee441a1b9ea6ca5abc,80.0
pdl,https://github.com/zerotosingularity/pdl,fd39c391101b3fe315631565a0f4eb7c99890789,180.0
peeweext,https://github.com/shanbay/peeweext,97a5123f4254fa6812d565fc564f2622977eb632,160.0
pelicun,https://github.com/NHERI-SimCenter/pelicun,29a3d61b9d38debfc115ce03a674a33642773ec5,200.0
pepys-import,https://github.com/debrief/pepys-import,5a2e16209dbff2d07a4baebeed4507ad79319e99,5.0
perf,https://github.com/vstinner/perf,50352cd782ea2655e030261f618a3b47b1b8c84e,200.0
persiantools,https://github.com/mhajiloo/persiantools,ebe2f89bbffca4736d6dc0945110d6c2448b4eb6,180.0
pexnb,https://github.com/minrk/pexnb,37be6eae11f977682522fc9b573fdc87eed0f515,200.0
pfla,https://github.com/maxrousseau/pfla,1518c40cc99008e66a74da69e9a87a307591e2ad,181.0
phonon-enumeration,https://github.com/wsmorgan/phonon-enumeration,5d7a8d8e3403cc387bdd58cf98a23e4751ea34dd,200.0
pidom,https://github.com/Oprax/pidom,b92741ee3c3e16cbaa2a2fa69ca1a103cfa52463,160.0
pif,https://github.com/barseghyanartur/pif,6c21477af3e0ce39b5ddb41459d72f80e8d76fb4,160.0
pika,https://github.com/pika/pika,a3ae3e5aae3fd546e9ae73bff0175f5d61a9d39a,160.0
pingouin,https://github.com/raphaelvallat/pingouin,08560bb978949e97653b203f7374e90b022b88fb,180.0
pint,https://github.com/hgrecco/pint,3d99581a808f8c0b5445bb43820a2b82815425d1,180.0
pip-autoremove,https://github.com/invl/pip-autoremove,f0b385f771709fc5bc0b60f64e76818638d912bc,160.0
pip-validate,https://github.com/ohjeah/pip-validate,9651b4dd6a252650c3a707218054b1baadc8b944,200.0
pipm,https://github.com/jnoortheen/pipm,a9e0f89e80addea18fd3efdc7b4f6eabd6b6988a,148.0
piripherals,https://github.com/quantenschaum/piripherals,74e4807a64363e3c95a03222fa250a1073387eaf,180.0
plai,https://github.com/matheusbsilva/plai,1d3bfb0438bb6bd2f8d8e42f17207f9449319763,180.0
plcx,https://github.com/Cognexa/plcx,2756c0ba78c4c9e572d95ba002708957bc55d4fa,180.0
ploceidae,https://github.com/MATTHEWFRAZER/ploceidae,dad989756318127dc70d05b4ccdd1a3d8142dab1,200.0
poio-lib,https://github.com/Poio-NLP/poio-lib,2af55c863593511dbcf4c611c9265072022d8cdb,180.0
poker,https://github.com/Chenyao2333/poker,49c0b791ac7caf86f946f06f5ff929120b3eb324,160.0
policyd-rate-limit,https://github.com/nitmir/policyd-rate-limit,79eb4e1760fb9c0ea6e205cb6a0953be8105e0d4,180.0
policyuniverse,https://github.com/Netflix-Skunkworks/policyuniverse,b633e572ecdba45d70398ac034fb44e0e4e7dbf8,160.0
poly_decomp,https://github.com/wsilva32/poly_decomp.py,cb1a47f218e076772b9df137c1928023882df5e5,180.0
polyswarm-cli,https://github.com/polyswarm/polyswarm-cli,cfb483b065d516567a313c5c46c7ffdb019d52ea,160.0
pook,https://github.com/h2non/pook,2071da27701c82ce02b015e01e2aa6fd203e7bb5,180.0
powerbox,https://github.com/steven-murray/powerbox,315e30b40b22e050304ca3a6600b8a1f28301c0b,160.0
predictit,https://github.com/Malachov/predictit,15ff850d544d8d456e0ac0842079131c0f3db26e,40.0
pressurecooker,https://github.com/learningequality/pressurecooker,b111250a8da415a19082f98bc6be21b021b0c604,100.0
prettyconf,https://github.com/osantana/prettyconf,017129f169204973d80a607f2c6684b18cc18954,200.0
primrose,https://github.com/ww-tech/primrose,bd9bb8d5d5aaf31d473d01645a862ac9d5fc6f8e,180.0
projetopytools,https://github.com/aguiardafa/projetopytools,fffbd8090b30395ffc1294e0e28348d4fde10e85,183.0
promise,https://github.com/syrusakbary/promise,4627315476f6b9fc82818327ae09b04f89f9bda7,180.0
proxipy,https://github.com/sttlr/proxipy,f9b08d8f3fc7dd0089b6c2fbe83d2671dc51472d,180.0
proxy.py,https://github.com/abhinavsingh/proxy.py,9b4263777bea7b3e00a1a3546511f2117f210a2b,140.0
psi-collect,https://github.com/UNCG-DAISY/psi-collect,a7840fbb18cb78ce2b8c842c62199d8b9d01cb6a,5.0
psrqpy,https://github.com/mattpitkin/psrqpy,f4e7d685ebb4b3bf086e3f998f68cc3c4e1914fb,180.0
ptemcee,https://github.com/willvousden/ptemcee,a411be2e29e39585212c92acea1893f955aa9be8,180.0
pttagger,https://github.com/jun-harashima/pttagger,d26fead72fb28d2e84007b0262457c6bec31f206,180.0
pubtools-pulp,https://github.com/release-engineering/pubtools-pulp,1ecae6811d973d80cbdda41961ba3301359da9dd,5.0
puppetboard,https://github.com/voxpupuli/puppetboard,974c51ad6c08d99662ba013789565f63cd431b03,149.0
pure,https://github.com/edouard-lopez/pure,d5c633716ff4962a89ecda31a226a22a9649ba16,100.0
purge-old-files,https://github.com/pmuller/purge-old-files,e9161668f7401661ae943ec6e29422e2f9f7600d,0.0
put.io-aria2c-downloader,https://github.com/cvockrodt/put.io-aria2c-downloader,ac19bb30924f9cb9991188693c9e6f6068861b60,200.0
putput,https://github.com/michaelperel/putput,96bde3c2219070bfed1ca76d47a4fe7cd0bc4b44,180.0
pwstore,https://github.com/rpdelaney/pwstore,b2f391480927def538dd0e56f37aa867c0b20fe1,140.0
py,https://github.com/rerobots/py,a0c46eda362355b8f7c84243724f48e916251319,100.0
py-KISSmetrics,https://github.com/kissmetrics/py-KISSmetrics,11cfc589e623f0bab8bc450f6fd169715544e377,200.0
py-finstmt,https://github.com/whoopnip/py-finstmt,820407a87f03377072b545923febd1086def1bec,80.0
py-gardener,https://github.com/loopmediagroup/py-gardener,ef485b969df0ee1e848b594eb1abfe9d8a53dae3,200.0
py-linq,https://github.com/viralogic/py-enumerable,c55763debfa6a8bb786a85fa68ee2cc726cecf75,5.0
py-vkontakte,https://github.com/sgaynetdinov/py-vkontakte,b03246b8d4b6f5ee5ab7e5c67e09e1f14b85fd9c,180.0
py2jdbc,https://github.com/swstephe/py2jdbc,515d06a48e54ca9f690f94fd795e49ba7758fcd4,120.0
py2pack,https://github.com/openSUSE/py2pack,9c6f8eb3fd5d481aecbe4091ca0974e5a077db48,180.0
pyAssignment,https://github.com/CD3/pyAssignment,f2e837d624bfde41724da38e30f0fc9422fb355c,180.0
pyMeterBus,https://github.com/ganehag/pyMeterBus,bc853aa38ac6b10301bdf97f13ac25b36985316f,200.0
pyTrnsysType,https://github.com/samuelduchesne/pyTrnsysType,6cf552e4ccd66f7b728e84654e580befe2061114,160.0
py_ev,https://github.com/JBielan/py_ev,0a2d48235b8ff2268254c151a179a2ece40cbd37,180.0
py_noaa,https://github.com/GClunies/py_noaa,adad099a41ce21c81b62843530c50137b7fe59e9,180.0
pyais,https://github.com/M0r13n/pyais,d2ca5ff08c532fce5da1c9d268eb453924f12a33,158.0
pyalcs,https://github.com/ParrotPrediction/pyalcs,7e5249a1df11efd71508f82330919b13def8647e,200.0
pyatlasclient,https://github.com/verdan/pyatlasclient,6c3ef3926eef059f00730b6bcc1a1787f6bbcd9c,180.0
pyautoupdate,https://github.com/rlee287/pyautoupdate,8852b64178b65f9c28cac10d6d2ab23331e49437,200.0
pybankid,https://github.com/hbldh/pybankid,a54944d73bcbe1c5ee96a71387a4668486eaeefe,200.0
pybl3p,https://github.com/gijzelaerr/pybl3p,98c102c02cb93803ee47941a48a8aa8d62fa4d6c,200.0
pyblnet,https://github.com/nielstron/pyblnet,24a5de966067adc492c0b5c6899c50e7822e15c1,160.0
pybnn,https://github.com/automl/pybnn,6bd277421b83f882fa43d8dad2b7851b9682aa4b,180.0
pybrake,https://github.com/airbrake/pybrake,9bf82941d8bf521055b258cea91596a11e4eb81f,180.0
pybuildkite,https://github.com/pyasi/pybuildkite,5b9ffd36bbb7ad600eec2bc5b90a89b8b84814f9,180.0
pyburstlib,https://github.com/beatsbears/pyburstlib,27722f7f3bb0bc5739110f6c99435d13fa54a1e0,200.0
pyccc,https://github.com/autodesk/pyccc,011698e78d49a83ac332e0578a4a2a865b75ef8d,160.0
pycdlib,https://github.com/clalancette/pycdlib,36ba6eace1993e611f292b42833985cfc1c3b668,180.0
pycep-correios,https://github.com/mstuttgart/pycep-correios,44fd6a1ede24d6215afa573a9faa2f0db58bad25,200.0
pyclustertend,https://github.com/lachhebo/pyclustertend,c13c44ba4807d659536ff74aca0253d288e1d5b4,160.0
pycoin,https://github.com/helenagu01/pycoin,d98f70ff67c836d180032cb6f7a7491a81cfd2eb,60.0
pycoin,https://github.com/richardkiss/pycoin,7450398576ccdd1fcc071144c59a57c2155688c5,160.0
pyconll,https://github.com/pyconll/pyconll,06481595c7816608facab72b5e7087cc01cb7482,135.0
pycronofy,https://github.com/cronofy/pycronofy,59765fe027778f18e05c09430ef2aff571b0eece,200.0
pydash,https://github.com/dgilland/pydash,4bbadc967b51518e300a1368357bbe71959313ec,180.0
pydbvolve,https://github.com/Teamworksapp/pydbvolve,e18bb8cf98997c52de0cf30a8e106c480ba0bb57,180.0
pydeploy,https://github.com/yukinotenshi/pydeploy,e3ddf907b293c9da28503b3d72414a303c5dfbed,200.0
pydicom,https://github.com/darcymason/pydicom,9561c5d40ec96076c974b5987767dc7b78c500a6,180.0
pydiggy,https://github.com/ahopkins/pydiggy,29bd5694f2e4564118683f3ccc06c5f7128d3028,180.0
pydngconverter,https://github.com/BradenM/pydngconverter,2cb8e3dcd962e3c4089001ab50c07f804aa7fa5a,180.0
pydrobert-gpyopt,https://github.com/sdrobert/pydrobert-gpyopt,ce2699ca89687f848c2a86db44eed125d65886de,160.0
pydrobert-speech,https://github.com/sdrobert/pydrobert-speech,ed023518408034c2ed1c77c938f0f379d476b121,200.0
pydu,https://github.com/Prodesire/pydu,4a1c2f15f7274d5079fb08b02ab1dbe08c0cefef,200.0
pyecs,https://github.com/tim-fi/pyecs,5cc3645e3ee0bc0af02aea438092f00910976ec6,0.0
pyedid,https://github.com/dadmoscow/pyedid,1c5ceab4fcdc216d09a4de62a5f8bd52faa407b9,160.0
pyeventdispatcher,https://github.com/whisller/pyeventdispatcher,5382e5e8578dea89a76481e15d410d516999055a,200.0
pyfilm.git,https://github.com/ferdinandvwyk/pyfilm.git,20688f59536c713650516f09e1873fcb5b506a17,200.0
pyflightdata,https://github.com/supercoderz/pyflightdata,ae59893f58f8bd1630c1c8f1ab9d388bbd72ee71,160.0
pyfronius,https://github.com/nielstron/pyfronius,5aee17d94330547b6ff2a72df3daff380f8f831c,180.0
pyfs,https://github.com/chaosmail/python-fs,2567922ced9387e327e65f3244caff3b7af35684,180.0
pygsheets,https://github.com/nithinmurali/pygsheets,01b9548dd56b50fa93e4a92ab879b048ae282158,180.0
pyjsg,https://github.com/hsolbrig/pyjsg,f999bdbff84f828da3704be2f0b00015bc345e36,60.0
pykew,https://github.com/RBGKew/pykew,557c1852ad7a4366467e344e7a46b42549ce8694,140.0
pykicad,https://github.com/dvc94ch/pykicad,cdebcaeb4ab6c8903ebecfd0748f826ea406923f,160.0
pylabeledrf,https://github.com/dessimozlab/pylabeledrf,23e2c2b2c73d35b6c87dd332b45da8d31c0ea63f,200.0
pylat,https://github.com/alejgh/pylat,7fcb1220dd8464ec5b6fb36449ecd2fe9f9927d0,200.0
pyliftover,https://github.com/konstantint/pyliftover,c95c70ab74686a6b5ac56e7601ccdbeab3178e52,200.0
pylocus,https://github.com/LCAV/pylocus,78db89636cab345cab8d61adc3accd95899e2738,160.0
pymannkendall,https://github.com/mmhs013/pymannkendall,081a1dec1456b682f0f86488b50d47f9f97ec9dd,198.0
pymdb,https://github.com/zembrodt/pymdb,bca5a414fdcdbbc1f86ed5b284945665c1edf43f,140.0
pymedoo,https://github.com/pwwang/pymedoo,e4fa7572e3f1f0365cdc409042c27324105f9768,180.0
pymemorydb,https://github.com/davidbetz/pymemorydb,9c8e864957d6fe754539601fd67a7b802b5ceb35,200.0
pymerkle,https://github.com/FoteinosMerg/pymerkle,5318009e04b2ae44e194b8435ef181aa67ab8b9a,160.0
pympesa,https://github.com/TralahM/pympesa,46839de00a868db0e674c6733d5daaf83293f588,180.0
pymq,https://github.com/thrau/pymq,101857bca2b705c328d3bda3b26797b51e8ffb70,160.0
pyndv,https://github.com/vit0r/pyndv,a3db2ea48fb92d5cc1e77dd677b0150c773d2384,180.0
pynoorm,https://github.com/jpeyret/pynoorm,d6f7e0e102bb0eb4865beff75cf671b560ebc8b2,160.0
pyogt,https://github.com/claha/pyogt,4a6a43f8183bc429ac9993e6b2266e6719847899,5.0
pyoos.git,https://github.com/ioos/pyoos.git,908660385029ecd8eccda8ab3a6b20b47b915c77,200.0
pyparam,https://github.com/pwwang/pyparam,837291606842b55dd3adfde552ddff2c5adce719,200.0
pype,https://github.com/BastiTee/pype,b0dd086ed180e17b22c6e7b23a730af35ae0d0eb,180.0
pyperf,https://github.com/vstinner/pyperf,3ba316a92dc2d95ad36259f626336d4022e6c65a,140.0
pypfm,https://github.com/Wats0ns/pypfm,78cccd19d7dbc73e54f8ae915c8a9a36310a8950,160.0
pypher,https://github.com/aboucaud/pypher,32f606ded9276ab28c86aefadd8b9261de10aebe,180.0
pyps4-2ndscreen,https://github.com/ktnrg45/pyps4-2ndscreen,457dc9c3f04017569d52bae7390ea2fc54e96ce5,200.0
pypyr-scheduler,https://github.com/pypyr-scheduler/pypyr-scheduler,511841de41eec03e847f8519f6192fc71d65dec3,180.0
pyradigm,https://github.com/raamana/pyradigm,01d47cf34a9af4bb104e2891559059a522221b4d,194.0
pyramid_mixpanel,https://github.com/niteoweb/pyramid_mixpanel,e68cbf3b329a87ad5b02758ce3a08acb6de3c7fc,5.0
pyrieef,https://github.com/humans-to-robots-motion/pyrieef,73a82d3250db8b48a1602bd5422bb3902fc11e57,200.0
pyserverpilot,https://github.com/opper/pyserverpilot,b6b896fea1155fa95febde84f74e0d2230523ab0,200.0
pysh,https://github.com/gnprice/pysh,dbd14ee8445a983ee6c736e4041e47ddfa4edacc,180.0
pysllo,https://github.com/kivio/pysllo,8bc4d17f9a668e9aff3c77f688f0c06ed2e7686b,200.0
pyss3,https://github.com/sergioburdisso/pyss3,0522e0dc3d07e2c842df8e975e68244beda4b4c5,100.0
pysshutil,https://github.com/choppsv1/pysshutil,e3ab876ed7b76637e6f5a0870cd41ea1f3d47fdb,180.0
pyswarms,https://github.com/ljvmiranda921/pyswarms,08756526f39699eef28e515cac2ead17cef55710,140.0
pytenable,https://github.com/tenable/pytenable,79c769cf22799125c39fa9fb86c5ef333beb96b4,160.0
pytest-antilru,https://github.com/ipwnponies/pytest-antilru,51aa787159158b33331e80a8dd361c454c17ba03,5.0
pytest-django,https://github.com/pytest-dev/pytest-django,e613a885b019574e3c60f127539c878b187c914a,200.0
pytest-django-model,https://github.com/kmarilleau/pytest-django-model,8361e882b7b7f4540c3d885f1d542288c59cf8d5,20.0
pytest-easyread,https://github.com/CrystalPea/pytest-easyread,ca2de6b516a8d56052200f18ce4ad46d96ecf7c6,200.0
pytest-html,https://github.com/pytest-dev/pytest-html,8d45718226fd301dcdec551d9c94316d3d06c64b,5.0
pytest-level,https://github.com/encukou/pytest-level,6a15132419429c95d67b77e9f8892e0a864a364f,140.0
pytest-mock,https://github.com/pytest-dev/pytest-mock,747a1e6c884869e2d55fc32b8843251494b02cc5,180.0
pytest-parallel,https://github.com/browsertron/pytest-parallel,388e1941f3bc6ce8ce40eb95bbbe53e743e47226,200.0
pytest-selenium,https://github.com/pytest-dev/pytest-selenium,2a7942d3ed793436ed7d890bf136a54d14104394,5.0
pytest-subtests,https://github.com/pytest-dev/pytest-subtests,96fc692a151f0709bf8ee209f8ce5d37b035f076,180.0
pytest_exact_fixtures,https://github.com/lrowe/pytest_exact_fixtures,b72bf9d7661c65e1535e5fbbddc343fd6120e15c,180.0
python-ansel,https://github.com/haney/python-ansel,afb2b28d8595beeb1f87e355b611f01e13b8e664,180.0
python-aws-dataclasses,https://github.com/hypoport/python-aws-dataclasses,30bfe90457a83957d10ec18fe7d61439b5b74280,200.0
python-beward,https://github.com/Limych/python-beward,d7c1d12a0a39a7c60c4f278ebea009c0a5509780,5.0
python-bureaucrat,https://github.com/adlibre/python-bureaucrat,530ceb2b3e69ea8645ecd3687c58d2c7b47a24fe,200.0
python-cuckoo,https://github.com/Leechael/python-cuckoo,fa7a87cd482e8a204c94b860c3066c3c1813ff36,160.0
python-dugong,https://github.com/python-dugong/python-dugong,00dd4d5aab6eddb116cace2829a9f93bda153664,100.0
python-hosts,https://github.com/jonhadfield/python-hosts,10190c3fb7eab419f15ba0b90edfb4bf43c5ae62,160.0
python-jolokia,https://github.com/wbrefvem/python-jolokia,544f4b1fb18f2e476da95edd9dc02ef75858b6cb,180.0
python-matlab-functions,https://github.com/fzyukio/python-matlab-functions,2860bf48f904d546af75143c531750c8857670bc,180.0
python-n26,https://github.com/femueller/python-n26,22cb609efbf5125e36879441ea20d5a1c2a51e98,200.0
python-openflow,https://github.com/kytos/python-openflow,a3387a7b28d529a3605aa1506a028e03394e4526,180.0
python-protobix,https://github.com/jbfavre/python-protobix,96b7095a9c2485c9e1bdba098b7d82b93f91acb1,200.0
python-resource-container,https://github.com/unfoldingWord-dev/python-resource-container,64d87f900af969f47b20b798cf00c2861435b0d8,160.0
python-sc2,https://github.com/Burnysc2/python-sc2,78d2ebe5c87aa9abc1e8a505f095ccd5e9dec358,180.0
python-sdk,https://github.com/configcat/python-sdk,c1b06e5f6bb734f89be24ef85ad0577f2cc26033,100.0
python-telegram-handler,https://github.com/sashgorokhov/python-telegram-handler,4ac0e5cbb6ac3c3f81a57be6b3cea49dfd8e8ec4,180.0
python-timemarker,https://github.com/davidr/python-timemarker,16fc4d4f9d6b534b94005169c977ed143f4f9dc5,200.0
python-tokenex,https://github.com/tablethotels/python-tokenex,a6c1022125e8a23bfdbebccff8a762fb664a1a6c,161.0
python-ubersmith,https://github.com/jasonkeene/python-ubersmith,0c594e2eb41066d1fe7860e3a6f04b14c14f6e6a,160.0
python-varname,https://github.com/pwwang/python-varname,529a90b6e8bc090117ba617424abb9e1a2d0c002,160.0
python-xrpc,https://github.com/andreycizov/python-xrpc,ed403ae74d5e89e0ebac68bcc58591d6b32742ff,180.0
python-yahoo-finance,https://github.com/mqtran01/python-yahoo-finance,9a4bb17d24cf81214c1778cae3f231a3f0e93516,180.0
python_dynamodb_lock,https://github.com/mohankishore/python_dynamodb_lock,be57d31492893ceb773e46892eaeb04858e287f3,180.0
python_filmaffinity,https://github.com/sergiormb/python_filmaffinity,b8042de57e95f38a1c767a84ba77cc74f70a1e2c,158.0
pythondi,https://github.com/teamhide/pythondi,913e6a60fc5d02c3db385ad322f970ecec36969b,160.0
pytidy,https://github.com/taxpon/pytidy,0a0a54b80b53dadd8ecc8ff2db42444741b75865,180.0
pytm,https://github.com/izar/pytm,724df0c6346706e9c3678bee11e23d9609d8fa4c,160.0
pytsmp,https://github.com/kithomak/pytsmp,15d58a39e016100fb44cdcc9f6115fa7736eb2bb,200.0
pytube,https://github.com/nficano/pytube,b610f399722e001e99ee88d3673c148d903c5948,5.0
pytvdb,https://github.com/jwbaker/pytvdb,39f00896ed1bed1f1dabe05f73980c9455c502df,140.0
pyupload,https://github.com/yukinotenshi/pyupload,32fb1ea1eb38c14e1fa2b23e7a923448625c1946,200.0
pyversion,https://github.com/lingster/pyversion,077ec6aaf46fa52ab6915dc6c109e3812849e22c,160.0
pyvesync,https://github.com/markperdue/pyvesync,4a43bad8a7b9d3b2e7f580f1f3739f27a00bdc2b,160.0
pyvesync_v2,https://github.com/webdjoe/pyvesync_v2,a5677b0599912fbc6dcc6604b0342e1edec92de1,200.0
pywebcopy,https://github.com/rajatomar788/pywebcopy,2852d1856783be3bc7e4725c5df850b15defa70d,200.0
pywsl,https://github.com/t-sakai-kure/pywsl,79a5bf104a53cb6d3498918e435bd88ac5331543,180.0
qer,https://github.com/sputt/qer,c77e6777967ee660447beb9522c867a7233ef78d,200.0
qgrid,https://github.com/quantopian/qgrid,877b420d3bd83297bbcc97202b914001a85afff2,160.0
qlmetrics,https://github.com/QsonLabs/qlmetrics,3a4cc70bb68ef9b476aaee562b82a4d54acfd826,60.0
qudotpy,https://github.com/psakkaris/qudotpy,64539c30053bfaf9085d4171c6517ca33b5ca0b1,180.0
quickviz,https://github.com/chmduquesne/quickviz,e7c87a7ae12465db71fb9dcc1ff52a6b6bb07ec4,80.0
r_map,https://github.com/mentaal/r_map,56cad81c91153d81e831d6afa49b92e5117c2171,180.0
raincoat,https://github.com/novafloss/raincoat,ac524553805317f2200520d2548d950668352eee,180.0
rarfile,https://github.com/markokr/rarfile,65810aceeb872ed61ec14cb615ed12feefbbb89e,160.0
rdftools,https://github.com/johnstonskj/rdftools,fa71b69b1604128349d879a51a44789919c3bd53,152.0
recipe-scrapers,https://github.com/hhursev/recipe-scrapers,7837a0ce7f95ccb0d90e521605d38589cdcd9e9b,4.0
redisqueue,https://github.com/DevKeh/redisqueue,feac4dfc30837e0ab1a55a8479443ea74b2793f2,180.0
reframe,https://github.com/eth-cscs/reframe,576eb3f1dcc015d1e6d7a10602c748d4f810da68,180.0
regex4ocr,https://github.com/juntossomosmais/regex4ocr,9f96e9c6fe6ffc3e1452b23103fdfa6a0f1dcede,160.0
region_cache,https://github.com/Teamworksapp/region_cache,8b2ae3ce4bb348c23a84d5fec546609e80579b94,200.0
releasy,https://github.com/gems-uff/releasy,b18c5efcc918b79f96863f484345d50755395815,200.0
relic,https://github.com/spacetelescope/relic,d5fc7bf6dbe01eb89de3ff5c2f6cfec2b4a6047d,180.0
requests-cache,https://github.com/reclosedev/requests-cache,6717a336430eb7e6fe17e75c5517f3076ca85b42,180.0
revfyawo-mongo,https://github.com/revfyawo/revfyawo-mongo,8682ccc2ef1a03a07dc0aef45b2230207f31eac6,200.0
rewardify-base.git,https://github.com/the16thpythonist/rewardify-base.git,4740ec78b22fb6b9d1a62697c8592e5830a38ac6,200.0
riemann,https://github.com/summa-tx/riemann,0fda32e783487572c869aaabc6af7adba01cbd00,200.0
rockhound,https://github.com/fatiando/rockhound,c4d84b2628c4b0dd666ceb1b334647489fe85f17,140.0
rosey,https://github.com/arose13/rosey,c35398b4ad4f334f4b40a075d18b33a262ce1d7d,200.0
rs3clans.py,https://github.com/johnvictorfs/rs3clans.py,692ffb859d954a304d039a6e20cc39bc55ed13cb,140.0
rtv-downloader,https://github.com/radzak/rtv-downloader,b9114b7f4c35fabe6ec9ad1764a65858667a866e,200.0
ruTS,https://github.com/SergeyShk/ruTS,af02f627d9022f0f4825d9bed4ffc97d3d329f2d,200.0
runium,https://github.com/AGTGreg/runium,ba89015859976d3426d25a53af5fa4d8827c7483,160.0
runway,https://github.com/onicagroup/runway,2dee030379ae60dad6b4634f28f1138e7c3a77bd,5.0
rxpy-backpressure,https://github.com/daliclass/rxpy-backpressure,b1a7bddfb370884135d6f2e7d9a3dd332a90d7cc,160.0
s3path,https://github.com/liormizr/s3path,4ba7ad7f64be2a41139606c50987a95f74a1803c,180.0
saga,https://github.com/saga-vcs/saga,7beaae8831696ce813aa85620387e416719198db,140.0
samwise,https://github.com/Cloudzero/samwise,3aa79ba20f3a151be3fd691bd5f6f5f250d16334,200.0
sandman,https://github.com/jeffknupp/sandman,253ea4d15cbccd9f0016d66fedd7478614cc0b2f,155.0
sanic-envconfig,https://github.com/jamesstidard/sanic-envconfig,c68e09def2ce04c7ab91e443680ff64dc2ef61e1,180.0
sat-search,https://github.com/sat-utils/sat-search,5f55e6ebcd8870c27924521e136e872c75556a49,180.0
schemaindex,https://github.com/qiyangduan/schemaindex,83bfb96c78d194370b068e11f89a9e4d6af48a46,200.0
schemas,https://github.com/CIMAC-CIDC/schemas,c2b011f49361e01a2816076b9436ae46d71ba0db,180.0
schematics_to_swagger,https://github.com/Alexei-Kornienko/schematics_to_swagger,d9c1c9e43a25c5a4ff60701b3bf22fc039c815c2,200.0
scikit-build,https://github.com/scikit-build/scikit-build,1a25f132ef746e90d41ed165892fd68a44a81403,158.0
scikit-fem,https://github.com/kinnala/scikit-fem,4aa87e15fd05dfbbad2367ef2303f398d5afddcc,180.0
scikit-hep,https://github.com/scikit-hep/scikit-hep,e78234da9e754e380a7d871afb56b20baa73b99b,160.0
scikit-procrustes,https://github.com/melissawm/skprocrustes,05b6fd4fcc6cb0d7b8d1115dc562a0f8f7e227b2,180.0
scrapbook,https://github.com/nteract/scrapbook,f681427fcc721e303e3d21fb3974b3bfa43d5445,4.0
scrapy-puppeteer,https://github.com/clemfromspace/scrapy-puppeteer,512cfe99b2c3f9aad6c0d3d35299d3ccd6c91121,180.0
scrapyrt,https://github.com/scrapinghub/scrapyrt,f8ee7b79fcfeaf4da83d831147d3ae28d8cf5f90,200.0
scratch.ai,https://github.com/iArunava/scratch.ai,9472f64fd3a06a1daa51486b68f5d3d3c36ac2f0,172.0
scsm,https://github.com/bubylou/scsm,a67059c398b40e31296faea25ae20d3dc78070bd,180.0
scylla,https://github.com/imWildCat/scylla,37469f9daaa3a4f2715ffb11f2bfa6671124cfc4,163.0
sdklib,https://github.com/ivanprjcts/sdklib,5384b1c7f05abd6350151c08ad6a4a8b5855f8f0,180.0
seccs,https://github.com/netleibi/seccs,927bcbe41d2db80281fff0b4a1cbedcaae0bfaf9,180.0
securenative-python,https://github.com/securenative/securenative-python,0eae99733b7565341487ad32f044be8dc51032cd,180.0
selenium-wire,https://github.com/wkeeling/selenium-wire,f80339bc2da0485fbba4165375c009b90efdb3c2,180.0
serpextract,https://github.com/Parsely/serpextract,aec8f2bd79c66953938569a24b05c693ab70b4ce,179.0
service-manager,https://github.com/hmrc/service-manager,e0a9f2a08e139e23d8a1199a2208b4f5a355a0be,180.0
setigen,https://github.com/bbrzycki/setigen,30acd4645896d07c660be2ba00542f64b5c64316,180.0
setuptools-odoo,https://github.com/acsone/setuptools-odoo,f3a0d7132c187a5c5620e6cf3ecae70b90831f7c,200.0
sf-sdk,https://github.com/block-cat/sf-sdk,6c7eea2c4ee0b2aa42b90047362af716364a6d56,200.0
sfpl-scraper,https://github.com/kajchang/sfpl-scraper,d97cc55f28fc75bf8de3fe5472ed0c2c55a09081,173.0
sheetfu,https://github.com/socialpoint-labs/sheetfu,68015416ef34bd20553c7f667ece001a36371f7b,180.0
sida,https://github.com/liusida/sida,77635d2b08c87612330db8612b70ee85c0d57268,160.0
sigpy,https://github.com/mikgroup/sigpy,3786765ad055dc246fba726306d6dd6a6984a458,160.0
singlepy,https://github.com/Galbar/singlepy,fa001b8cb815a68ecd3e790a1f8a5ac5ce045daa,160.0
sister,https://github.com/sobamchan/sister,5850d8fbd1789df1c68634284fa51490a395b7b2,200.0
six,https://github.com/benjaminp/six,c0be8815d13df45b6ae471c4c436cce8c192245d,180.0
skelpy,https://github.com/june3474/skelpy,0e64eccdc5211dbec664e7d3f9d07c6020651b63,180.0
skillful,https://github.com/bmweiner/skillful,8646f54faf62cb63f165f7699b8ace5b4a08233c,200.0
sls-tools-py,https://github.com/ki-tools/sls-tools-py,f1089d94a07b8455c81fdbfd78a159fecb017b57,180.0
snippy,https://github.com/heilaaks/snippy,904439ca1fc29edc06c48da66e7663e18e0aea99,200.0
solver,https://github.com/thoth-station/solver,799266429f1adaead649964ea9cbc74ea2d1eddb,127.0
son,https://github.com/flokno/son,a860c049e276151c8fddf82fdbe833d4127ada0d,180.0
songtext,https://github.com/ysim/songtext,1806c18ea9b77dc3f065e19aa0fb88ee533d835c,180.0
spacedr,https://github.com/sttlr/spacedr,543f0d4dcdac4298a6c19145cd085322103c30d6,200.0
sparks,https://github.com/binaryart/sparks,387e9070d291e63c08f9ee46514da62457b421b9,5.0
speed-tester,https://github.com/jw/speed-tester,2d7f9acc55c797d1011605e2d610751f77de5290,160.0
sphinx-gallery,https://github.com/sphinx-gallery/sphinx-gallery,387900334ace5c0bf74e9e90aad1e8d2a54e6f17,160.0
split-folders,https://github.com/jfilter/split-folders,36a7864d32a90f84327c0ebb3abdf5fbdd9921a3,140.0
sporco,https://github.com/bwohlberg/sporco,efd9237ec0d254e2ff630ad0ac17eb8dc566c586,200.0
sports.py,https://github.com/evansloan/sports.py,a2ce0b3cde2e41f5d15e265d9190b6b79828124b,200.0
sportsreference,https://github.com/roclark/sportsreference,0041953074d6c20f607049917f3b526c9af686a4,180.0
spreading_dye_sampler,https://github.com/NLeSC/spreading_dye_sampler,4282f7609959a31d1b2a4832f3ed643b15c46cb6,180.0
spyProt,https://github.com/Zedelghem/spyProt,e2d978ce68ab9449acfc39dcc05b54d0c41460f6,160.0
spylon-kernel,https://github.com/maxpoint/spylon-kernel,2d0ddf2aca1b91738f938b72a500c20293e3156c,200.0
sqlbucket,https://github.com/socialpoint-labs/sqlbucket,b5e8d2a05a02e891733fbb8c87bcdfd08195e82a,200.0
sqlservice,https://github.com/dgilland/sqlservice,a1ccf84a6bf23653934911e3dd6be8219e8c734d,180.0
sqs-polling,https://github.com/ohke/sqs-polling,34d1375cf73e05211c73cd43bdd120ce076181c8,200.0
ssbio,https://github.com/SBRG/ssbio,08c1ce375a8ee6a4b77c5d2fdc93fcb5e5fe97c0,80.0
stackify-api-python,https://github.com/stackify/stackify-api-python,c2625f558c41dc6c79474226b1ca7766b192dd66,200.0
statmorph,https://github.com/vrodgom/statmorph,e3cdadbac741e10098d08c6b4a24b978f847c98d,140.0
statsd-metrics,https://github.com/farzadghanei/statsd-metrics,153ff37b79777f208e49bb9d3fb737ba52b99f98,200.0
stix2-validator,https://github.com/oasis-open/cti-stix-validator,2cb48738cc7305b1932919a7f6bbe87b52c63d70,5.0
storages,https://github.com/thoth-station/storages,599f6fb69c6ce9fba1ea7581337d1c4b274a091d,200.0
stowage,https://github.com/michaelpb/stowage,7c619be755b9b73fd202367bcf9014472f318834,180.0
strato-skipper,https://github.com/Stratoscale/skipper,dde3194bf6cf227b30c6e54b18c37317d2e0647e,160.0
streamstats,https://github.com/earthlab/streamstats,812bf263a25c87fd26eca09f81d78ff35b48d1c4,140.0
subliminal,https://github.com/Diaoul/subliminal,a4113adb745dc5cd2da7254ee14802077237bb15,100.0
supertunnel,https://github.com/alexrudy/supertunnel,4c64e2fedda3382b809a2c3d01c711ec4961f933,80.0
sureal,https://github.com/Netflix/sureal,e7251384cd5f6a293e05d1450d5e8f353d137c1c,180.0
svp,https://github.com/joshmgrant/svp,fdf64445d8038b4df5ab2181eb6306d56e3b5162,180.0
swim-system-python,https://github.com/swimos/swim-system-python,ff0cbdf07bede5dfe40ef81e0df4e99068615ca4,5.0
swish-python,https://github.com/madspindel/swish-python,cee2a147b1d567417aa6e37e9a3fd60ca269c69a,200.0
switcheo,https://github.com/KeithSSmith/switcheo-python,d9bb29ee48b756d469046b7871bd7f627577dc93,180.0
swpy,https://github.com/peinan/swpy,262515d410bddaa3da72721ae2c11cfda1e2ee37,180.0
sxdm,https://github.com/WilliamJudge94/sxdm,01414186626e1f22d51a7d25fe73f64680cb796e,100.0
symphony,https://github.com/SurrealAI/symphony,747b87eee20d48032b4a554950687d0b1209fd24,180.0
synthego-ice,https://github.com/synthego-open/ice,310495fe536b7d2eafcee80f145c55f7c65d947c,200.0
taeper,https://github.com/mbhall88/taeper,03d9e184428ef36fae19a91b339cff81fcf73d73,200.0
tamarco,https://github.com/System73/tamarco,c85bec267d39057a4cd5f1c9854d5e2840cebb1e,180.0
tangle,https://github.com/fifman/tangle,a36cff74d7f09bf8f24a91929b844ea1be7b1bcd,200.0
task-dispatcher,https://github.com/PeRDy/task-dispatcher,947d7b91c2ab3e1891fb0fd5333a5c2a78380fea,120.0
taxi,https://github.com/sephii/taxi,a330f044017c2862ba41fd7fa2e5f35d8807f968,160.0
tbvcfreport,https://github.com/COMBAT-TB/tbvcfreport,f0f932667581433089e02b49e1aaee1bb4984502,60.0
tea,https://github.com/alefnula/tea,f5a0a724a425ec4f9dd2c7fe966ef06faf3a15a3,5.0
tensorcraft,https://github.com/netrack/tensorcraft,15295b29a82927e94db22ebbcc17d4291348a165,180.0
terrascan,https://github.com/cesar-rodriguez/terrascan,fd4ca9d23e694185fd5cb9ddf357b52b15adc6ca,183.0
tesdat,https://github.com/righ/tesdat,20533d1e53c0b271e1ddf54613ebbab7b5cc5167,140.0
testaid,https://github.com/RebelCodeBase/testaid,998c827b826fe4374ecf0a234fef61a975e2fcd7,200.0
tf-plan,https://github.com/thiagopbueno/tf-plan,d8b6ea92604367553d566c8706a9ab0571f92a2e,180.0
therapist,https://github.com/rehandalal/therapist,54b860f92129421a222a5976065c2356b0a9e63c,165.0
threadedprocess,https://github.com/nilp0inter/threadedprocess,0120d6e795782c9f527397490846cd214d9196e1,180.0
threatbutt,https://github.com/ivanlei/threatbutt,faff507a4bebfa585d3044427111418c257c34ec,3.0
thredds_crawler,https://github.com/ioos/thredds_crawler,fb29ea2fb8d079cacc6c09f79245e8f54f77c6a6,180.0
thundra-lambda-agent-python,https://github.com/thundra-io/thundra-lambda-agent-python,fcd1c2b0b309721d89bd35511bd6645ebd62a5bc,200.0
tidyframe,https://github.com/Jhengsh/tidyframe,aa4f8a35cb4abe4d883eb59b6ef6a920580b611f,180.0
tight,https://github.com/michaelorionmcmanus/tight,34a332dd6096807e373ea8050df4f795411e6b74,200.0
tng-sdk-package,https://github.com/sonata-nfv/tng-sdk-package,dc505568618dc8e67981d176e2c2bb87d65f442d,200.0
todo-sync,https://github.com/tmurph/todo-sync,32915e9a1509aa2c4083613e256cb0d502c441aa,200.0
token-io,https://github.com/overcat/token-io,f1b14fef9fd64989b9c9e5c076272f72253b39ed,200.0
tokendito,https://github.com/dowjones/tokendito,f5d8e5171ddcca0c62925263ddb80535f51aded3,180.0
torch-embed-sim,https://github.com/CyberZHG/torch-embed-sim,ace404f9cca0d47aa3efcf4e819bcd48899e4e35,180.0
torch-gpt-2,https://github.com/CyberZHG/torch-gpt-2,92dd7ab7f83630500805ebf0c647f3fb940ca3ab,160.0
torch-layer-normalization,https://github.com/CyberZHG/torch-layer-normalization,89f405b60f53f85da6f03fe685c190ef394ce50c,180.0
torchfuel,https://github.com/vturrisi/torchfuel,7bcb1c645d79ad8a8d2df5f76c7f8ac00e2c6d39,180.0
torchgan,https://github.com/torchgan/torchgan,fc8b01a1b34d0f19c4860ff6dac2568d357fe069,180.0
torchpwl,https://github.com/PiotrDabkowski/torchpwl,73b09cfa9f4c173988d8f075485b887c694fc5a8,180.0
tornado-swirl,https://github.com/rduldulao/tornado-swirl,b8df27efc3d7fd0dce0f0290767c94ac2e747311,180.0
trainline-python,https://github.com/tducret/trainline-python,9c9991346f0d2578f8676c353df140bb0b60bd91,160.0
transliterate,https://github.com/barseghyanartur/transliterate,9333f242df3f97c1780c4c117f080007f833b69e,160.0
travispy,https://github.com/menegazzo/travispy,54b6974c98be7cab5f8129bb49fa96e20fef31af,180.0
trender,https://github.com/transceptor-technology/trender,ef2b7374ea2ecc83dceb139b358ec4ad8ce7033b,200.0
trimport,https://github.com/christopherzimmerman/trimport,2fc930f1f954141fba3b16c366d70dbc9bae3a99,180.0
truffleHog,https://github.com/MechanicalRock/truffleHog,5e7f32d4005f82e66b2b9ccd44fcac8e02c1aa34,188.0
tukio,https://github.com/optiflows/tukio,116b35dbceae899d7996b1788449a6e31e3f4512,200.0
tulflow,https://github.com/tulibraries/tulflow,22d8043a09467b7d62e777ed847511e983afff87,200.0
tunacell,https://github.com/LeBarbouze/tunacell,837d57e1e6caeddf2e6bcdd2db2986fb456dd605,200.0
twsecli,https://github.com/hansliu/twsecli,b53aec2a6a2bbf660b479d6b59df63943191762c,180.0
typecov,https://github.com/sayanarijit/typecov,8d9ff5815b73bbc26e729285e8816dce74ab6d4c,180.0
uberdict,https://github.com/eukaryote/uberdict,852b9d8b80ab032ce7eb5c439ea8084336b69d04,180.0
ucal,https://github.com/timkostka/ucal,df0ccbc5f8af54fc69df56191bd810481a17b0e3,160.0
uesgraphs,https://github.com/RWTH-EBC/uesgraphs,498fc57cd251dc93f51279275a965d77775e68b8,180.0
uhashring,https://github.com/ultrabug/uhashring,e45d6a7a2556e73c5a2c07f2f07ac76f8c22aca3,180.0
upaas-common,https://github.com/prymitive/upaas-common,7a7d9ffb385151092c637c3ef500a79623c005ae,180.0
urlquick,https://github.com/willforde/urlquick,db765372b73800cfa056047a3f3331820abd4ae8,200.0
utter-more,https://github.com/crumpstrr33/Utter-More,418cf5f5ef337700bf0897e746eff8bb275e6da6,160.0
vault-dev,https://github.com/vimc/vault-dev,ccec5a246e4c05358a57fb68d821a16910d2a125,180.0
vcdriver,https://github.com/Osirium/vcdriver,2f311df9a73c82b5837d01bac16a10eb4db955eb,200.0
vcver-python,https://github.com/toumorokoshi/vcver-python,c5d8a6f1f0e49bb25f5dbb07312e42cb4da096d6,180.0
verif,https://github.com/WFRT/verif,dd4df8e5709e9ec1a8fe129fe9a14d4f63d93643,200.0
vimms,https://github.com/sdrogers/vimms,fcae1a81b4fa4c4913fd0bd3af9b79be8122feaa,180.0
virga,https://github.com/gurdulu/virga,4d641de30ab574823d0326b9904161aaec8845ed,200.0
viroconcom,https://github.com/virocon-organization/viroconcom,f4cca9b5e8bc4c2119c7e0a4f94da5bdbe2920c7,200.0
virtualenv-clone,https://github.com/edwardgeorge/virtualenv-clone,8a61552d99087c99895a0d0ca104ed47a1eade24,180.0
vl,https://github.com/ellisonleao/vl,21a2cd5c6a079c0882c7a2dc9ff303b8c8f89f98,160.0
volux,https://github.com/drtexx/volux,c41339aceeab4295967ea88b2edd05d0d456b2ce,5.0
watchme,https://github.com/vsoch/watchme,645d09b1a20ac2e078879810657e9eef7cd4d785,200.0
wavefront_reader,https://github.com/neuroneuro15/wavefront_reader,c515164a3952d6b85f8044f429406fddd862bfd0,160.0
wcraas_common,https://github.com/WCraaS/wcraas_common,af209ab412c18473edfaaf2871eef9c0357b91e9,180.0
weather-au,https://github.com/tonyallan/weather-au,359895b4add8d79a7820b1f568a7d68ebbaada85,200.0
web_dict,https://github.com/upday7/web_dict,c7be8a69028b1fa8be61417b25e322083e2dd2a7,180.0
webdriver_manager,https://github.com/SergeyPirogov/webdriver_manager,82b4657acc02ab7b3977acc26cfc62ffede8dedc,180.0
webssh,https://github.com/huashengdun/webssh,51d527fe75a62aed239126a6697749a30baecb30,160.0
wechatkit,https://github.com/istommao/wechatkit,e46341c29a69805a8e4c425dc620039fb06b1e45,180.0
weibo-scraper,https://github.com/Xarrow/weibo-scraper,8d1ffc9060ae7ddba217093c23ab8111f9b351c8,100.0
wellpathpy,https://github.com/Zabamund/wellpathpy,f29b14a9a1c46e77ea98b141e3cdc43674654ea2,160.0
whippet,https://github.com/BorePlusPlus/whippet,596667d234c5007540106b1b67fc2daeff87da60,180.0
wiki-futures,https://github.com/AndrewRPorter/wiki-futures,ae6bec3aafa7c2b881b2653eae1eb528f9b63bc7,180.0
wikilinks,https://github.com/edsu/wikilinks,c43a4b95ce793265c038ac73cec75f686b94ae57,180.0
wkr.py,https://github.com/wroberts/wkr.py,dbb3c1742c10bfaf697fa276d2cc8885e144ab43,180.0
wopmars,https://github.com/aitgon/wopmars,33680f94163d82ce43557cf7f87a5f9ead496fdc,160.0
wordoftheday,https://github.com/patrickc-dev/wordoftheday,35439b87e782199813933ae6bddbfd1c6cea2b6c,200.0
words-to-regular-expression,https://github.com/radeklat/words-to-regular-expression,6be1a3846f4bc07a2264b72d1e1ee031c605bac7,180.0
wqio,https://github.com/Geosyntec/wqio,8fcd57cc8b8365208eeee0162438307db0ca0dbb,160.0
wsstat,https://github.com/fitblip/wsstat,f7c91eb8765a801ad5e0504ca22ee2ec832cf682,200.0
xivapi-python,https://github.com/EltonChou/xivapi-python,040a0f76e0f906b2c1e62bbab6e19bcfe1dfdbcc,180.0
xphyle,https://github.com/jdidion/xphyle,9f66b129130a368611fb2ab0027c6218b1a13a50,160.0
yadll,https://github.com/pchavanne/yadll,6114234a8a25cfda7a596b9a6e75bb121de6f4d2,160.0
yahooquery,https://github.com/dpguthrie/yahooquery,ff9c062222d59b3d9f8abfaeeb706cd7af8fe690,200.0
yamicache,https://github.com/mtik00/yamicache,1109d08b18be94bdee55e113309f7be29f25d840,180.0
yaml-config,https://github.com/GreenBuildingRegistry/yaml-config,558022920cb148dd413d1bd2854756c055d62044,180.0
yaml-resume,https://github.com/notsag/yaml-resume,25ad6695993a7dab540730e8743d88b28e52df0e,180.0
yandex-checkout-sdk-python,https://github.com/yandex-money/yandex-checkout-sdk-python,da3e8512cd21fb55726519c51974d6f8b1885242,160.0
yapconf,https://github.com/loganasherjones/yapconf,f685ed6a6f532a8f836deb205fc2509e9422329b,180.0
yapq,https://github.com/ginkooo/yapq,e7702178fa50b1bb9a63a7bbb8b963af361a2d92,180.0
yasa,https://github.com/raphaelvallat/yasa,fd5ea7d42a965db5c74682c062a8833a771ca4cf,160.0
yawast,https://github.com/adamcaudill/yawast,5e9e7a37831c030530adb971925ee135e9bfcafb,160.0
yeahyeah,https://github.com/sjoerdk/yeahyeah,bf8c5b8851cb1aeeeb2abfcb92da00c7551f884e,160.0
ypc,https://github.com/dbeley/ypc,160be81ee8f0ca7a0e7965a93c1faf5ebce35b5a,160.0
yunomi,https://github.com/dreid/yunomi,1aa3f166843613331b38e231264ffc3ac40e8094,120.0
zanna,https://github.com/MirkoRossini/zanna,4c28b5ea3940fba69bee3fdf965a039c9b8f45c5,200.0
zengin_code,https://github.com/zengin-code/zengin-py,132d222bd4a7127e398e81fe7cbdf6e369a8e6cb,180.0
zenmake,https://github.com/pustotnik/zenmake,6cff05114cea34fc204d9e95422f11dc25cd1228,180.0
zula,https://github.com/efe/zula,6328eb9c0e18debaaa769b7ac0d05a4a472f4746,160.0
